,N_bh_AwT,N_bh_PlT,N_bh_SbT,N_bh_SwT,SC_Aw,SC_Pl,SC_Sb,SC_Sw,bhage_Aw,bhage_Pl,bhage_Sb,bhage_Sw,tage_Aw,tage_Pl,tage_Sb,tage_Sw,topHeight_Aw,topHeight_Pl,topHeight_Sb,topHeight_Sw,BA_Aw,BA_Sw,BA_Sb,BA_Pl,Gross_Total_Volume_Aw,Gross_Total_Volume_Sw,Gross_Total_Volume_Sb,Gross_Total_Volume_Pl,MerchantableVolumeAw,MerchantableVolumeSw,MerchantableVolumeSb,MerchantableVolumePl
0,0.0,0.0,0.0,123.166293331,0.0,0.0,0.0,1.0,-12.680984364,-23.09984822,-45.0,-14.36791558,-4.0,-12.84422653,-45.0,0.07509483,0.0,0.0,0.0,0.000290786154392,0.0,0.0,0.0,0.0,0.0,0.0,0,0.0,0.0,0.0,0,0.0
1,0.0,0.0,0.0,123.165796831,0.0,0.0,0.0,1.0,-11.680984364,-22.09984822,-44.0,-13.36791558,-3.0,-11.84422653,-44.0,1.07509483,0.0,0.0,0.0,0.00596939378187,0.0,0.0,0.0,0.0,0.0,0.0,0,0.0,0.0,0.0,0,0.0
2,0.0,0.0,0.0,123.165058859,0.0,0.0,0.0,1.0,-10.680984364,-21.09984822,-43.0,-12.36791558,-2.0,-10.84422653,-43.0,2.07509483,0.0,0.0,0.0,0.0285694970065,0.0,0.0,0.0,0.0,0.0,0.0,0,0.0,0.0,0.0,0,0.0
3,0.0,0.0,0.0,123.164098048,0.0,0.0,0.0,1.0,-9.680984364,-20.09984822,-42.0,-11.36791558,-1.0,-9.84422653,-42.0,3.07509483,0.0,0.0,0.0,0.0706088267642,0.0,0.0,0.0,0.0,0.0,0.0,0,0.0,0.0,0.0,0,0.0
4,0.0,0.0,0.0,123.162926642,0.0,0.0,0.0,1.0,-8.680984364,-19.09984822,-41.0,-10.36791558,0.0,-8.84422653,-41.0,4.07509483,0.0,0.0,0.0,0.129660970733,0.0,0.0,0.0,0.0,0.0,0.0,0,0.0,0.0,0.0,0,0.0
5,0.0,0.0,0.0,123.161553658,0.0,0.0,0.0,1.0,-7.680984364,-18.09984822,-40.0,-9.36791558,1.0,-7.84422653,-40.0,5.07509483,0.0,0.0,0.0,0.203021497488,0.0,0.0,0.0,0.0,0.0,0.0,0,0.0,0.0,0.0,0,0.0
6,0.0,0.0,0.0,123.159986181,0.0,0.0,0.0,1.0,-6.680984364,-17.09984822,-39.0,-8.36791558,2.0,-6.84422653,-39.0,6.07509483,0.0,0.0,0.0,0.28845129643,0.0,0.0,0.0,0.0,0.0,0.0,0,0.0,0.0,0.0,0,0.0
7,0.0,0.0,0.0,123.15823001,0.0,0.0,0.0,1.0,-5.680984364,-16.09984822,-38.0,-7.36791558,3.0,-5.84422653,-38.0,7.07509483,0.0,0.0,0.0,0.384162790779,0.0,0.0,0.0,0.0,0.0,0.0,0,0.0,0.0,0.0,0,0.0
8,0.0,0.0,0.0,123.156290035,0.0,0.0,0.0,1.0,-4.680984364,-15.09984822,-37.0,-6.36791558,4.0,-4.84422653,-37.0,8.07509483,0.0,0.0,0.0,0.488719708917,0.0,0.0,0.0,0.0,0.0,0.0,0,0.0,0.0,0.0,0,0.0
9,0.0,0.0,0.0,123.15417047,0.0,0.0,0.0,1.0,-3.680984364,-14.09984822,-36.0,-5.36791558,5.0,-3.84422653,-36.0,9.07509483,0.0,0.0,0.0,0.600950591649,0.0,0.0,0.0,0.0,0.0,0.0,0,0.0,0.0,0.0,0,0.0
10,0.0,0.0,0.0,123.151875005,0.0,0.0,0.0,1.0,-2.680984364,-13.09984822,-35.0,-4.36791558,6.0,-2.84422653,-35.0,10.07509483,0.0,0.0,0.0,0.719884863566,0.0,0.0,0.0,0.0,0.0,0.0,0,0.0,0.0,0.0,0,0.0
11,0.0,0.0,0.0,123.14940692,0.0,0.0,0.0,1.0,-1.680984364,-12.09984822,-34.0,-3.36791558,7.0,-1.84422653,-34.0,11.07509483,0.0,0.0,0.0,0.844706768799,0.0,0.0,0.0,0.0,0.0,0.0,0,0.0,0.0,0.0,0,0.0
12,0.0,0.0,0.0,123.146769159,0.0,0.0,0.0,1.0,-0.680984364,-11.09984822,-33.0,-2.36791558,8.0,-0.84422653,-33.0,12.07509483,0.0,0.0,0.0,0.974721980569,0.0,0.0,0.0,0.0,0.0,0.0,0,0.0,0.0,0.0,0,0.0
13,932.505241066,297.52614467,0.0,123.143964391,0.689123727371,0.219872572052,0.0,0.0910037005766,0.319015636,-10.09984822,-32.0,-1.36791558,9.0,0.15577347,-32.0,13.07509483,1.35504903839,0.00160192914755,0.0,1.10933302882,0.11204483881,0.0,0.0,0.0,1.50845306029e-05,0.0,0,0.0,2.73231180647e-12,0.0,0,0.0
14,931.916538092,297.526140628,0.0,123.14099505,0.688989935457,0.219968750472,0.0,0.0910413140705,1.319015636,-9.09984822,-31.0,-0.36791558,10.0,1.15577347,-31.0,14.07509483,1.52557181416,0.0275673973615,0.0,1.24802090008,0.192770844275,0.0,0.0,0.0,0.00010471194838,0.0,0,0.0,6.15686371874e-11,0.0,0,0.0
15,931.023864973,297.526124516,0.0,123.137863379,0.688786144669,0.220114521178,0.0,0.091099334153,2.319015636,-8.09984822,-30.0,0.63208442,11.0,2.15577347,-30.0,15.07509483,1.69582801457,0.0845094204612,0.0,1.39033101973,0.279581422447,0.00103973255953,0.0,0.0,0.00047887155835,0.000660955780653,0,0.0,6.95928320443e-10,3.00708585414e-08,0,0.0
16,929.834156265,297.526082637,0.0,123.134571447,0.688513683385,0.220308941846,0.0,0.0911773747694,3.319015636,-7.09984822,-29.0,1.63208442,12.0,3.15577347,-29.0,16.07509483,1.86552561219,0.16915104451,0.0,1.53586239845,0.388013797085,0.001342268634,0.0,0.0,0.00171336050561,0.00093583551649,0,0.0,5.57810202263e-09,6.39218833595e-08,0,0.0
17,928.353391995,297.525995891,0.0,123.13112118,0.68817358038,0.220551281025,0.0,0.0912751385944,4.319015636,-6.09984822,-28.0,2.63208442,13.0,4.15577347,-28.0,17.07509483,2.03444536671,0.277709304656,0.0,1.6842591021,0.525443795912,0.00223148309347,0.0,0.0,0.00508782489408,0.00168702726079,0,0.0,3.47372444207e-08,2.14340305135e-07,0,0.0
18,926.587231566,297.525839712,0.0,123.127514375,0.687766714745,0.220840912069,0.0,0.0913923731857,5.319015636,-5.09984822,-27.0,3.63208442,14.0,5.15577347,-27.0,18.07509483,2.20242148511,0.406820413481,0.0,1.83520345568,0.693200585215,0.00407691765293,0.0,0.0,0.0129312403618,0.00331616216524,0,0.0,1.73891583831e-07,8.43361802135e-07,0,0.0
19,924.541289488,297.525584014,0.0,123.123752715,0.687293883461,0.2211772653,0.0,0.0915288512388,6.319015636,-4.09984822,-26.0,4.63208442,15.0,6.15577347,-26.0,19.07509483,2.36932813979,0.5535956962,0.0,1.98841056123,0.888647488636,0.007264118151,0.0,0.0,0.0287896374163,0.00632504295174,0,0.0,7.1675045773e-07,3.11635978175e-06,0,0.0
20,922.22127415,297.525193155,0.0,123.119837784,0.68675583761,0.221559802362,0.0,0.0916843600271,7.319015636,-3.09984822,-25.0,5.63208442,16.0,7.15577347,-25.0,20.07509483,2.53506984928,0.715556612685,0.0,2.14362382538,1.10734554962,0.0121754731693,0.0,0.0,0.0573126406161,0.0113051251573,0,0.0,2.49254876062e-06,1.01219420277e-05,0,0.0
21,919.633062062,297.524625896,0.0,123.115771077,0.686153303912,0.221988000949,0.0,0.0918586951392,8.319015636,-2.09984822,-24.0,6.63208442,17.0,8.15577347,-24.0,21.07509483,2.69957447607,0.890563152407,0.0,2.3006112729,1.34458525504,0.0191774841106,0.0,0.0,0.103904908119,0.0189258182068,0,0.0,7.49270998364e-06,2.88818738302e-05,0,0.0
22,916.782737387,297.523835377,0.0,123.111554007,0.685486998446,0.222461345051,0.0,0.0920516565032,9.319015636,-1.09984822,-23.0,7.63208442,18.0,9.15577347,-23.0,22.07509483,2.86278804011,1.07675429101,0.0,2.4591624794,1.59613000691,0.0286123722488,0.0,0.0,0.174270177515,0.029921824966,0,0.0,1.99074764716e-05,7.35766945269e-05,0,0.0
23,913.676610969,297.522769085,0.0,123.107187916,0.68475763584,0.222979318417,0.0,0.0922630457432,10.319015636,-0.09984822,-22.0,8.63208442,19.0,10.15577347,-22.0,23.07509483,3.02467081818,1.27250115671,0.0,2.61908599721,1.85843022174,0.0407927431208,0.0,0.0,0.273968469501,0.0450802124142,0,0.0,4.76577425706e-05,0.000170296967515,0,0.0
24,910.321226366,297.521368834,0.0,123.102674081,0.683965935623,0.223541400012,0.0,0.0924926643657,11.319015636,0.90015178,-21.0,9.63208442,20.0,11.15577347,-21.0,24.07509483,3.18519437065,1.47637042139,0.0,2.78020717796,2.12859161724,0.055998444737,0.0,0.0239541148721,0.408060246412,0.0652276714815,0,0.00657994556097,0.000104468553674,0.000363572439688,0,2.80175997042e-09
25,906.723357231,297.51957074,0.0,123.098013717,0.683112626721,0.224147060786,0.0,0.0927403124929,12.319015636,1.90015178,-20.0,10.63208442,21.0,12.15577347,-20.0,25.07509483,3.3443392481,1.68709541863,0.0,2.94236631749,2.40426578734,0.0744750023372,0.0,0.0681405150526,0.580864829704,0.0912182499774,0,0.0252459206483,0.000212488601673,0.000724830010093,0,2.36896103002e-07
26,902.8899987,297.517305209,0.0,123.093207986,0.682198450688,0.224795761343,0.0,0.0930057879689,13.319015636,2.90015178,-19.0,11.63208442,22.0,13.15577347,-19.0,26.07509483,3.5020932035,1.90355302921,0.0,3.10541706459,2.68353586781,0.0964331751363,0.0,0.133945192804,0.795828955813,0.123921732443,0,0.0640314580297,0.000405421511704,0.00136278748747,0,4.466117059e-06
27,898.828354517,297.514496914,0.0,123.088258001,0.681224164029,0.225486950238,0.0,0.0932888857332,14.319015636,3.90015178,-18.0,12.63208442,23.0,14.15577347,-18.0,27.07509483,3.65844978521,2.124744894,0.0,3.26922504773,2.96482065695,0.122049297044,0.0,0.219729732185,1.05548550802,0.164212765251,0,0.130501278021,0.000732103349186,0.00243560857059,0,3.97063644535e-05
28,894.545821082,297.511064783,0.0,123.083164826,0.680190539868,0.226220062743,0.0,0.0935893973886,15.319015636,4.90015178,-17.0,13.63208442,24.0,15.15577347,-17.0,28.07509483,3.81340722044,2.34978191335,0.0,3.43366668316,3.24680047432,0.151466151386,0.0,0.3230016466,1.36147776576,0.212960773913,0,0.231047700624,0.00126043756009,0.00416443487522,0,0.000221775616037
29,890.049969303,297.506921987,0.0,123.077929485,0.679098369122,0.226994519962,0.0,0.0939071109162,16.319015636,5.90015178,-16.0,14.63208442,25.0,16.15577347,-16.0,29.07509483,3.96696752231,2.57787127978,0.0,3.59862813485,3.52836160725,0.184794197961,0.0,0.44099230653,1.71462613843,0.271020687289,0,0.370450173543,0.00208158295567,0.00684768815055,0,0.000901020886166
30,885.348524862,297.501975926,0.0,123.072552963,0.677948461297,0.2278097282,0.0,0.0942418105027,17.319015636,6.90015178,-15.0,15.63208442,26.0,17.15577347,-15.0,30.07509483,4.11913577098,2.80830549478,0.0,3.76400440244,3.8085550393,0.222113024035,0.0,0.570981967226,2.11501870728,0.339224465869,0,0.551827835119,0.00331428117097,0.0108753207196,0,0.00290292671165
31,880.449347416,297.496128225,0.0,123.067036206,0.676741644987,0.228665078557,0.0,0.0945932764565,18.319015636,7.90015178,-14.0,16.63208442,27.0,18.15577347,-14.0,31.07509483,4.26991953132,3.04045296399,0.0,3.92969851798,4.08656568357,0.263472931743,0.0,0.710469444786,2.56211181979,0.418373424163,0,0.776820602605,0.00510920593631,0.0167420100955,0,0.00783985330596
32,875.360409107,297.489274722,0.0,123.06138013,0.675478768144,0.229559946663,0.0,0.0949612851937,19.319015636,8.90015178,-13.0,17.63208442,28.0,19.15577347,-13.0,32.07509483,4.41932837864,3.27374986735,0.0,4.09562083515,4.36168921595,0.308896604768,0.0,0.857243352592,3.05483139147,0.509231336401,0,1.04585955492,0.00765321630364,0.0250581726938,0,0.0184300891774
33,870.089772726,297.481305466,0.0,123.055585617,0.674160698151,0.230493692566,0.0,0.0953456092821,20.319015636,9.90015178,-12.0,18.63208442,29.0,20.15577347,-12.0,33.07509483,4.56737351053,3.50769307387,0.0,4.26168839814,4.63331439012,0.358380818801,0.0,1.00939556098,3.59166907853,0.612518316637,0,1.35844232098,0.0111733986873,0.0365576384879,0,0.0387343487108
34,864.645569785,297.472104713,0.0,123.049653518,0.672788321751,0.231465660718,0.0,0.0957460175309,21.319015636,10.90015178,-11.0,19.63208442,30.0,21.15577347,-11.0,34.07509483,4.71406742779,3.74183392365,0.0,4.42782437884,4.90090932346,0.411898174611,0.0,1.16530446246,4.17077006265,0.72890546651,0,1.71337458043,0.015940787471,0.0521009043779,0,0.0742177279862
35,859.035978726,297.461550922,0.0,123.043584662,0.671362544837,0.232475180044,0.0,0.0961622751199,22.319015636,11.90015178,-10.0,20.63208442,31.0,22.15577347,-10.0,35.07509483,4.85942367118,3.9757727387,0.0,4.59395757356,5.16401068443,0.46939884133,0.0,1.32360503765,4.79001096812,0.859010284624,0,2.10896624722,0.0222736604584,0.0726730791097,0,0.131571503061
36,853.269203459,297.449516763,0.0,123.037379846,0.669884292145,0.233521564095,0.0,0.0965941437604,23.319015636,12.90015178,-9.0,21.63208442,32.0,23.15577347,-9.0,36.07509483,5.00345660348,4.20915395281,0.0,4.76002195113,5.42221502294,0.530812302143,0.0,1.48315524026,5.44706758774,1.00339283009,0,2.54318424889,0.0305403132401,0.0993759419002,0,0.218281384695
37,847.353452399,297.435869111,0.0,123.031039846,0.668354506858,0.234604111258,0.0,0.0970413818836,24.319015636,13.90015178,-8.0,22.63208442,33.0,24.15577347,-8.0,37.07509483,5.14618122855,4.44166177241,0.0,4.92595624627,5.67517170355,0.596049096398,0.0,1.64300351099,6.13947279669,1.16255262925,0,3.01376876928,0.0411612253618,0.13341393858,0,0.341994327117
38,841.29691813,297.420469061,0.0,123.024565416,0.666774150128,0.23572210502,0.0,0.0975037448521,25.319015636,14.90015178,-7.0,23.63208442,34.0,25.15577347,-7.0,38.07509483,5.28761304073,4.67301629685,0.0,5.09170359232,5.922577053,0.665002552289,0.0,1.80235951789,6.86466542177,1.33692630915,0,3.51832063623,0.0546105408698,0.176074395116,0,0.509793516865
39,835.107757821,297.403171929,0.0,123.017957287,0.665144200538,0.236874814271,0.0,0.0979809851905,26.319015636,15.90015178,-6.0,24.63208442,35.0,26.15577347,-6.0,39.07509483,5.42776789933,4.90297003913,0.0,5.25721118884,6.16416944054,0.737550503595,0.0,1.96056877186,7.62003101339,1.52688593523,0,4.05436666488,0.0714167962894,0.22870268931,0,0.727518985715
40,828.794074487,297.38382727,0.0,123.01121617,0.663465653513,0.238061493654,0.0,0.0984728528328,27.319015636,16.90015178,-5.0,25.63208442,36.0,27.15577347,-5.0,40.07509483,5.56666192374,5.13130479785,0.0,5.42242999991,6.39972508456,0.813556983027,0.0,2.11709105581,8.40293551629,1.73273802358,0,4.61940842801,0.0921628403154,0.292673533453,0,0.999258193908
41,822.363899184,297.362278887,0.0,123.004342757,0.661739520678,0.239281383939,0.0,0.0989790953834,28.319015636,17.90015178,-4.0,26.63208442,37.0,28.15577347,-4.0,41.07509483,5.70431140579,5.35782883928,0.0,5.58731447966,6.62905443246,0.892873884021,0.0,2.27148229873,9.2107528052,1.95472319183,0,5.21095863515,0.117484901448,0.369359834326,0,1.32708278837
42,815.825174192,297.338364849,0.0,122.997337722,0.659966829179,0.24053371243,0.0,0.099499458391,29.319015636,18.90015178,-3.0,27.63208442,38.0,29.15577347,-3.0,42.07509483,5.84073273647,5.58237435419,0.0,5.75182232202,6.85199899937,0.975342582382,0.0,2.42337942758,10.0408869794,2.19301640693,0,5.82656823421,0.148070772459,0.460100775564,0,1.71104435562
43,809.185737246,297.311917515,0.0,122.990201722,0.658148620972,0.241817693397,0.0,0.100033685631,30.319015636,19.90015178,-2.0,28.63208442,39.0,30.15577347,-2.0,43.07509483,5.97594234464,5.80479515944,0.0,5.915914232,7.06842857877,1.06079550918,0.0,2.57248773146,10.8907902173,2.44772778319,0,6.46384652733,0.184657093916,0.566170793099,0,2.14938637818
44,802.453306849,297.282763553,0.0,122.982935398,0.656285952081,0.243132528523,0.0,0.100581519396,31.319015636,20.90015178,-1.0,29.63208442,40.0,31.15577347,-1.0,44.07509483,6.10995664575,6.02496461824,0.0,6.07955371641,7.27823875875,1.14905766675,0.0,2.71857031735,11.7579768956,2.71890388044,0,7.12047598184,0.228025732938,0.688750990704,0,2.638897163
45,795.635468691,297.250723973,0.0,122.975539375,0.654379891829,0.244477407373,0.0,0.101142700798,32.319015636,21.90015178,0.0,30.63208442,41.0,32.15577347,0.0,45.07509483,6.24279199915,6.24277375645,0.0,6.24270689172,7.4813486925,1.15759194509,0.0,2.84879293077,12.6400345799,2.81009919389,0,7.76017874593,0.278999267893,0.740704540165,0,3.13755175996
46,788.739663194,297.215614156,0.0,122.968014264,0.652431522054,0.245851507881,0.0,0.101716970065,33.319015636,22.90015178,1.0,31.63208442,42.0,33.15577347,1.0,46.07509483,6.37446467241,6.45812955492,0.0,6.40534230761,7.67769908284,1.22457325656,0.0,3.06997341899,13.5346324082,3.04497992499,0,8.67574887556,0.338435604643,0.860591796931,0,3.97938437244
47,781.773174181,297.177243888,0.0,122.960360661,0.650441936303,0.247253996842,0.0,0.102304066855,34.319015636,23.90015178,2.0,32.63208442,43.0,34.15577347,2.0,47.07509483,6.50499081176,6.67095340058,0.0,6.5674307845,7.86725034928,1.2926297056,0.0,3.2841451686,14.4395273081,3.29015299776,0,9.61028760337,0.407221765161,0.99293087259,0,4.88646518263
48,774.743118665,297.135417405,0.0,122.95257915,0.648412239015,0.24868403042,0.0,0.102903730564,35.319015636,24.90015178,3.0,33.63208442,44.0,35.15577347,3.0,48.07509483,6.63438641761,6.88117968057,0.0,6.72894526377,8.0499809521,1.36159760125,0.0,3.49145737779,15.352568419,3.54532089338,0,10.5610791162,0.486266904597,1.13797805051,0,5.84422001167
49,767.656437755,297.089933433,0.0,122.944670302,0.646343544691,0.25014075467,0.0,0.103515700639,36.319015636,25.90015178,4.0,34.63208442,45.0,36.15577347,4.0,49.07509483,6.76266732442,7.08875450579,0.0,6.88986066944,8.22588585326,1.43131670524,0.0,3.69205400478,16.2717000327,3.81015467493,0,11.5255446575,0.576494627887,1.29588680466,0,6.84004589238
50,760.519888644,297.040585242,0.0,122.936634676,0.644236977057,0.251623306053,0.0,0.10413971689,37.319015636,26.90015178,5.0,35.63208442,46.0,37.15577347,5.0,50.07509483,6.8898491842,7.29363455149,0.0,7.05015378023,8.39497509752,1.50163094413,0.0,3.88607638709,17.1949633128,4.08429743346,0,12.5012446554,0.678834691593,1.46670919685,0,7.86346030482
51,753.340037662,296.987160697,0.0,122.928472818,0.642093668217,0.253130811973,0.0,0.10477551981,38.319015636,27.90015178,6.0,36.63208442,47.0,38.15577347,6.0,51.07509483,7.01594745323,7.49578600398,0.0,7.20980311119,8.55727250021,1.57238902359,0.0,4.07366482106,18.1204970121,4.36736770518,0,13.4858788436,0.794214190358,1.65039951905,0,8.90595947728
52,746.123254366,296.929442322,0.0,122.920185265,0.639914757808,0.254662391311,0.0,0.10542285088,39.319015636,28.90015178,7.0,37.63208442,48.0,39.15577347,7.0,52.07509483,7.14097738138,7.69518360344,0.0,7.36878880383,8.71281443033,1.64344495059,0.0,4.25495946313,19.0465373687,4.65896282943,0,14.4772849191,0.923548339966,1.84681979879,0,9.96074680379
53,738.875706615,296.867207362,0.0,122.911772542,0.637701392151,0.256217154961,0.0,0.106081452889,40.319015636,29.90015178,8.0,38.63208442,49.0,40.15577347,8.0,53.07509483,7.26495400371,7.89180977418,0.0,7.52709252418,8.86164867963,1.71465846885,0.0,4.4301007876,19.9714173342,4.95866222109,0,15.47343612,1.06773098,2.05574676006,0,11.0224298045
54,731.603356611,296.800227857,0.0,122.903235166,0.635454723393,0.257794206371,0.0,0.106751070236,41.319015636,30.90015178,9.0,39.63208442,50.0,41.15577347,9.0,54.07509483,7.387892134,8.0856538341,0.0,7.68469736805,9.00383340965,1.78589541355,0.0,4.59922975574,20.893565259,5.26603053513,0,16.4724380026,1.22762492824,2.27687983553,0,12.0867368492
55,724.311957838,296.72827072,0.0,122.894573642,0.633175908666,0.259392642089,0.0,0.107431449245,42.319015636,31.90015178,10.0,40.63208442,51.0,42.15577347,10.0,55.07509483,7.50980635997,8.27671127629,0.0,7.84158777288,9.13943617003,1.85702799118,0.0,4.76248779915,21.8115031411,5.58062070446,0,17.472524625,1.4040523259,2.50984984978,0,13.1502748892
56,717.007052875,296.65109782,0.0,122.885788467,0.630866109237,0.261011552302,0.0,0.108122338462,43.319015636,32.90015178,11.0,41.63208442,52.0,43.15577347,11.0,56.07509483,7.63071103987,8.46498311618,0.0,7.99774943556,9.26853298209,1.92793499027,0.0,4.92001668693,22.723844525,5.90197683605,0,18.472054298,1.59778511708,2.75422803334,0,14.2103327763
57,709.693972023,296.568466072,0.0,122.876880128,0.628526489663,0.26265002138,0.0,0.108823488958,44.319015636,33.90015178,12.0,42.63208442,53.0,44.15577347,12.0,57.07509483,7.75062030024,8.65047529829,0.0,8.15316923593,9.3912074829,1.99850192911,0.0,5.07195832324,23.629292126,6.22963695327,0,19.4695050257,1.80953580758,3.00953507582,0,15.264726712
58,702.377832693,296.480127538,0.0,122.867849106,0.626158216961,0.264307128418,0.0,0.109534654621,45.319015636,34.90015178,13.0,43.63208442,54.0,45.15577347,13.0,58.07509483,7.86954803479,8.8331981573,0.0,8.3078351653,9.50755012518,2.06862114584,0.0,5.21845450689,24.5266352385,6.56313557549,0,20.4634697347,2.03994864652,3.27524997952,0,16.3116813051
59,695.06353952,296.385829529,0.0,122.85869587,0.623762459774,0.265981947776,0.0,0.11025559245,46.319015636,35.90015178,14.0,44.63208442,55.0,46.15577347,14.0,59.07509483,7.98750790399,9.01316592843,0.0,8.46173625969,9.61765742928,2.13819183669,0.0,5.35964667442,25.4147469819,6.9020061287,0,21.45265137,2.28959137024,3.55081852726,0,17.34973922
60,687.755785129,296.285314719,0.0,122.849420884,0.621340387552,0.267673549615,0.0,0.110986062834,47.319015636,36.90015178,15.0,45.63208442,56.0,47.15577347,15.0,60.07509483,8.10451333555,9.19039630294,0.0,8.6148625374,9.72163128373,2.20712004768,0.0,5.49567564068,26.2925814249,7.24578318313,0,22.4358579218,2.55894763991,3.83566122773,0,18.3776930544
61,680.459051532,296.178321265,0.0,122.840024604,0.618893169738,0.269381000433,0.0,0.11172582983,48.319015636,37.90015178,16.0,46.63208442,57.0,48.15577347,16.0,61.07509483,8.22057752543,9.36491002442,0.0,8.76720494068,9.81957829133,2.27531862473,0.0,5.62668134641,27.159170625,7.59400451617,0,23.411997432,2.84841029403,4.12918064538,0,19.3945341457
62,673.177612072,296.064582933,0.0,122.830507477,0.616421974968,0.271103363595,0.0,0.112474661438,49.319015636,38.90015178,17.0,47.63208442,58.0,49.15577347,17.0,62.07509483,8.3357134394,9.5367305226,0.0,8.91875528096,9.9116091579,2.34270712717,0.0,5.75280261863,28.0136216136,7.94621300072,0,24.3800730252,3.15827552357,4.43076806018,0,20.3994140913
63,665.915533897,295.943829237,0.0,122.820869946,0.61392797028,0.272839699859,0.0,0.113232329861,50.319015636,39.90015178,18.0,48.63208442,59.0,50.15577347,18.0,63.07509483,8.44993381501,9.70588358099,0.0,9.0695061877,9.99783812128,2.40921170927,0.0,5.87417694761,28.8551133499,8.30195832077,0,25.339177995,3.48873806173,4.73980943307,0,21.3916157323
64,658.676680891,295.815785582,0.0,122.811112444,0.611412320335,0.274589067902,0.0,0.113998611763,51.319015636,40.90015178,19.0,49.63208442,60.0,51.15577347,19.0,64.07509483,8.56325116398,9.87239703557,0.0,9.21945106023,10.0783824182,2.47476497383,0.0,5.99094028225,29.6828936672,8.66079851728,0,26.288490975,3.83988746195,5.05569067825,0,22.3705311405
65,651.464717031,295.68017342,0.0,122.8012354,0.608876186652,0.276350524831,0.0,0.114773288517,52.319015636,41.90015178,20.0,50.63208442,61.0,52.15577347,20.0,65.07509483,8.67567777489,10.0363005017,0.0,9.36858402271,10.1533617867,2.53930580216,0.0,6.1032268449,30.4962762268,9.02230136871,0,27.2272712141,4.21170551859,5.37780226156,0,23.335644773
66,644.283110112,295.536710409,0.0,122.791239235,0.606320726852,0.278123126704,0.0,0.115556146444,53.319015636,42.90015178,21.0,51.63208442,62.0,53.15577347,21.0,66.07509483,8.78722571603,10.1976251269,0.0,9.51689988177,10.2228980028,2.60277916393,0.0,6.21116896554,31.2946374963,9.38604561173,0,28.1548539759,4.60406486334,5.70554315798,0,24.2865204334
67,637.135135814,295.385110586,0.0,122.781124364,0.603747093925,0.279905929026,0.0,0.116346977049,54.319015636,43.90015178,22.0,52.63208442,63.0,54.15577347,22.0,67.07509483,8.8979068386,10.3564033667,0.0,9.66439408669,10.287114449,2.66513591034,0.0,6.31489693509,32.077413763,9.75162200793,0,29.0706460731,5.01672874934,6.03832421035,0,25.2227910398
68,630.023882049,295.225084548,0.0,122.770891198,0.601156435503,0.281697987259,0.0,0.117145577238,55.319015636,44.90015178,23.0,53.63208442,64.0,55.15577347,23.0,68.07509483,9.00773277996,10.512668782,0.0,9.81106269199,10.3461357123,2.72633255393,0.0,6.41453887697,32.8440981932,10.1186342636,0,29.9741215488,5.44935201311,6.37557093661,0,26.1441504656
69,622.952253558,295.056339642,0.0,122.76054014,0.598549893153,0.283498357311,0.0,0.117951749536,56.319015636,45.90015178,24.0,54.63208442,65.0,56.15577347,24.0,69.07509483,9.11671496709,10.6664558565,0.0,9.95690232224,10.4000872124,2.78633103767,0.0,6.51022063613,33.5942379468,10.4866998099,0,30.8648175117,5.90148318382,6.71672583562,0,27.050346917
70,615.922976733,294.878580168,0.0,122.750071589,0.595928601683,0.285306096028,0.0,0.118765302289,57.319015636,46.90015178,25.0,55.63208442,66.0,57.15577347,25.0,70.07509483,9.22486462005,10.8177998308,0.0,10.1019101389,10.4490948557,2.84509849615,0.0,6.60206568423,34.3274313526,10.8554504503,0,31.7423301299,6.37256768932,7.06125024188,0,27.9411774552
71,608.938604601,294.691507582,0.0,122.739485939,0.593293688468,0.28712026167,0.0,0.119586049863,58.319015636,47.90015178,26.0,56.63208442,67.0,58.15577347,26.0,71.07509483,9.33219275566,10.9667365534,0.0,10.2460838092,10.4932847161,2.90260701102,0.0,6.69019504016,35.0433251511,11.2245328849,0,32.606310787,6.86195209025,7.40862577849,0,28.8164833777
72,602.001521958,294.494820725,0.0,122.728783576,0.590646272789,0.28893991439,0.0,0.120413812821,59.319015636,48.90015178,27.0,57.63208442,68.0,59.15577347,27.0,72.07509483,9.43871019107,11.1133023462,0.0,10.3894214766,10.5327827395,2.95883336309,0.0,6.77472720451,35.7416118096,11.5936091173,0,33.4564624021,7.36888925749,7.75835545517,0,29.6761462515
73,595.113950623,294.288216045,0.0,122.717964885,0.587987465193,0.2907641167,0.0,0.121248418107,60.319015636,49.90015178,28.0,58.63208442,69.0,60.15577347,28.0,73.07509483,9.54442754751,11.2575338836,0.0,10.5319217332,10.5677144721,3.01375878265,0.0,6.85577810698,36.4220269123,11.9623567541,0,34.2925359135,7.89254439423,8.10996445533,0,30.5200844439
74,588.277954767,294.071387845,0.0,122.707030244,0.585318366865,0.292591933932,0.0,0.122089699203,61.319015636,50.90015178,29.0,59.63208442,70.0,61.15577347,29.0,74.07509483,9.64935525399,11.3994680836,0.0,10.6735835936,10.5982048104,3.06736869997,0.0,6.93346106561,37.0843466299,12.330469204,0,35.1143269257,8.43200179334,8.46300065269,0,31.3482500425
75,581.495446305,293.844028527,0.0,122.695980026,0.582640069022,0.294422434691,0.0,0.122937496287,62.319015636,51.90015178,30.0,60.63208442,71.0,62.15577347,30.0,75.07509483,9.75350355095,11.5391420097,0.0,10.8144064702,10.6243777719,3.1196524974,0.0,7.00788675685,37.7283852686,12.6976557848,0,35.9216725168,8.98627221215,8.81703489441,0,32.1606260815
76,574.768190317,293.605828858,0.0,122.6848146,0.579953652325,0.296254691298,0.0,0.123791656377,63.319015636,52.90015178,31.0,61.63208442,72.0,63.15577347,31.0,76.07509483,9.85688249403,11.676592784,0.0,10.9543901499,10.6463562861,3.1706032642,0.0,7.07916319541,38.3539929033,13.0636417455,0,36.7144482048,9.55430074173,9.17166108405,0,32.9572240159
77,568.097810487,293.356478241,0.0,122.673534333,0.577260186304,0.298087780232,0.0,0.124652033464,64.319015636,53.90015178,32.0,62.63208442,73.0,64.15577347,32.0,77.07509483,9.95950195772,11.8118575085,0.0,11.0935347723,10.6642620037,3.22021755556,0.0,7.14739572297,38.9610530925,13.4281682124,0,37.4925650688,10.1349750455,9.52649609426,0,33.7380813996
78,561.485794527,293.095664995,0.0,122.662139583,0.57456072881,0.29992078256,0.0,0.12551848863,65.319015636,54.90015178,33.0,63.63208442,74.0,65.15577347,33.0,78.07509483,10.061371639,11.9449731951,0.0,11.2318408087,10.6782151235,3.2684951564,0.0,7.21268700494,39.5494806786,13.7909920646,0,38.255967021,10.7271338426,9.88117953569,0,34.5032597349
79,554.933499572,292.823076652,0.0,122.650630708,0.571856325476,0.301752784358,0.0,0.126390890166,66.319015636,55.90015178,34.0,64.63208442,75.0,66.15577347,34.0,79.07509483,10.162501061,12.0759767035,0.0,11.3693090428,10.6883342366,3.31543885118,0.0,7.27513703444,40.1192196718,14.1518857479,0,39.0046282256,11.3295755135,10.2353734055,0,35.2528424703
80,548.442157531,292.538400255,0.0,122.639008059,0.569148009204,0.303582877127,0.0,0.127269113669,67.319015636,56.90015178,35.0,65.63208442,76.0,67.15577347,35.0,80.07509483,10.2628995766,12.2049046855,0.0,11.5059405518,10.694736186,3.36105420004,0.0,7.33484314271,40.6702412186,14.510637032,0,39.7385506602,11.9410667129,10.5887616364,0,35.9869331281
81,542.012880382,292.241322676,0.0,122.627271987,0.566436799663,0.305410158204,0.0,0.128153042132,68.319015636,57.90015178,36.0,66.63208442,77.0,68.15577347,36.0,81.07509483,10.3625763718,12.3317935364,0.0,11.6417366893,10.697535941,3.40534932211,0.0,7.39190001535,41.2025416539,14.8670487191,0,40.4577618145,12.56035088,10.9410495638,0,36.7056535476
82,535.646665388,291.931530938,0.0,122.615422835,0.563723702819,0.307233731158,0.0,0.129042566023,69.319015636,58.90015178,37.0,67.63208442,78.0,69.15577347,37.0,82.07509483,10.4615404695,12.4566793516,0.0,11.7766990683,10.6968464862,3.44833468635,0.0,7.44639971367,41.7161406361,15.2209383085,0,41.1623125212,13.1861565465,11.291963327,0,37.4091422353
83,529.34440023,291.608712546,0.0,122.603460945,0.561009710464,0.309052706184,0.0,0.129937583352,70.319015636,59.90015178,38.0,68.63208442,79.0,70.15577347,38.0,83.07509483,10.5598007325,12.5795978881,0.0,11.910829546,10.6927787234,3.49002291025,0.0,7.49843170059,42.2110793642,15.5721376245,0,41.8522749145,13.8172053538,11.6412492189,0,38.0975528118
84,523.106868041,291.272555839,0.0,122.591386655,0.558295799783,0.310866200488,0.0,0.130837999729,71.319015636,60.90015178,39.0,69.63208442,80.0,71.15577347,39.0,84.07509483,10.6573658675,12.7005845317,0.0,12.0441302086,10.6854413862,3.53042856671,0.0,7.54808287063,42.6874188763,15.9204924108,0,42.5277405109,14.4522197,11.9886729946,0,38.7710525497
85,516.934752342,290.922750335,0.0,122.579200298,0.555582932927,0.312673338664,0.0,0.131743728409,72.319015636,61.90015178,40.0,70.63208442,81.0,72.15577347,40.0,85.07509483,10.7542444277,12.8196742679,0.0,12.1766033573,10.6749409663,3.56956799937,0.0,7.59543758333,43.1452384275,16.2658618995,0,43.1888184067,15.0899299516,12.3340191501,0,39.4298209974
86,510.828641859,290.558987097,0.0,122.566902206,0.552872056611,0.314473253063,0.0,0.132654690326,73.319015636,62.90015178,41.0,71.63208442,82.0,73.15577347,41.0,86.07509483,10.8504448166,12.9369016565,0.0,12.3082514953,10.661381651,3.60745914626,0.0,7.6405776999,43.5846339454,16.6081183559,0,43.8356335881,15.7290811654,12.6770901805,0,40.0740486834
87,504.789035222,290.180959108,0.0,122.554492707,0.550164101726,0.316265084156,0.0,0.133570814118,74.319015636,63.90015178,42.0,72.63208442,83.0,74.15577347,42.0,87.07509483,10.9459752909,13.0523008102,0.0,12.4390773149,10.6448652707,3.64412137216,0.0,7.68358262242,44.0057165631,16.9471466065,0,44.468325347,16.3684392783,13.0177058237,0,40.7039358973
88,498.816345546,289.788361647,0.0,122.541972125,0.547459982974,0.318047980885,0.0,0.134492036141,75.319015636,64.90015178,43.0,73.63208442,84.0,75.15577347,43.0,88.07509483,11.0408439639,13.165905376,0.0,12.5690836858,10.6254912566,3.67957530934,0.0,7.72452933537,44.4086112264,17.2828435523,0,45.0870458003,17.0067967355,13.3557022975,0,41.3196915441
89,492.910904873,289.380892684,0.0,122.529340781,0.544760598519,0.319821101014,0.0,0.135418300467,76.319015636,65.90015178,44.0,74.63208442,85.0,76.15577347,44.0,89.07509483,11.1350588082,13.2777485203,0.0,12.6982736436,10.6033566069,3.71384270692,0.0,7.76349244922,44.7934553737,17.6151176722,0,45.6919585045,17.6429775361,13.6909315352,0,41.921532068
90,487.072968489,288.958253271,0.0,122.516598993,0.542066829655,0.321583611464,0.0,0.136349558881,77.319015636,66.90015178,45.0,75.63208442,86.0,77.15577347,45.0,90.07509483,11.228627659,13.3878629154,0.0,12.8266503795,10.5785558619,3.74694628853,0.0,7.80054424552,45.1603976876,17.9438885189,0,46.2832371639,18.2758416892,14.0232604244,0,42.5096804426
91,481.302719105,288.520147955,0.0,122.503747079,0.539379540495,0.323334688648,0.0,0.137285770857,78.319015636,67.90015178,46.0,76.63208442,87.0,78.15577347,46.0,91.07509483,11.3215582169,13.4962807292,0.0,12.9542172297,10.5511810867,3.77890961824,0.0,7.83575472352,45.509596915,18.2690862117,0,46.8610644252,18.9042890789,14.3525700528,0,43.0843652254
92,475.600270901,288.066285182,0.0,122.490785349,0.536699577676,0.325073518792,0.0,0.138226903533,79.319015636,68.90015178,47.0,77.63208442,88.0,79.15577347,47.0,92.07509483,11.413858051,13.6030336171,0.0,13.0809776661,10.5213218614,3.80975697462,0.0,7.86919164773,45.8412207543,18.5906509273,0,47.4256307561,19.5272627476,14.678754965,0,43.645819672
93,469.96567343,287.596377722,0.0,122.477714114,0.534027770083,0.326799298251,0.0,0.139172931665,80.319015636,69.90015178,48.0,78.63208442,89.0,80.15577347,48.0,93.07509483,11.5055346011,13.7081527154,0.0,13.2069352871,10.4890652777,3.83951323265,0.0,7.90092059654,46.1554448075,18.9085323929,0,47.9771334016,20.143751614,15.0017224321,0,44.1942809093
94,464.398915387,287.11014309,0.0,122.464533682,0.53136492859,0.328511233824,0.0,0.140123837586,81.319015636,70.90015178,49.0,79.63208442,90.0,81.15577347,49.0,94.07509483,11.5965951815,13.8116686364,0.0,13.332093809,10.4544959426,3.86820375336,0.0,7.93100501139,46.4524515952,19.2226893828,0,48.5157754155,20.7527926473,15.3213917381,0,44.7299891635
95,458.899928243,286.607303977,0.0,122.451244356,0.528711845817,0.330208543049,0.0,0.141079611134,82.319015636,71.90015178,50.0,80.63208442,91.0,82.15577347,50.0,95.07509483,11.6870469825,13.9136114659,0.0,13.4564570579,10.4176959863,3.89585428086,0.0,7.95950624648,46.7324296319,19.5330892206,0,49.0417647622,21.3534725239,15.6376934827,0,45.2531870409
96,453.468589733,286.087588686,0.0,122.43784644,0.526069295906,0.331890454499,0.0,0.142040249594,83.319015636,72.90015178,51.0,81.63208442,92.0,83.15577347,51.0,96.07509483,11.7768970741,14.014010761,0.0,13.5800289618,10.3787450775,3.92249084666,0.0,7.98648361874,46.9955725599,19.8397072889,0,49.5553134838,21.9449288001,15.9505689045,0,45.764118859
97,448.104727214,285.550731567,0.0,122.424340232,0.523438034318,0.333556208073,0.0,0.143005757609,84.319015636,73.90015178,52.0,82.63208442,93.0,84.15577347,52.0,97.07509483,11.8661524077,14.1128955496,0.0,13.7028135433,10.3377204416,3.94813968087,0.0,8.01199445805,47.2420783392,20.1425265485,0,50.0566369319,22.5263506321,16.2599692243,0,46.2630300255
98,442.808120893,284.996473461,0.0,122.410726029,0.520818797635,0.33520505527,0.0,0.143976147094,85.319015636,74.90015178,53.0,83.63208442,94.0,85.15577347,53.0,98.07509483,11.9548198192,14.2102943314,0.0,13.8248149128,10.2946968843,3.97282713007,0.0,8.03609415734,47.4721484919,20.4415370676,0,50.5459530564,23.0969790817,16.5658550095,0,46.7501664626
99,437.57850691,284.424562144,0.0,122.397004128,0.518212303394,0.336836259467,0.0,0.144951437138,86.319015636,75.90015178,54.0,84.63208442,95.0,86.15577347,54.0,99.07509483,12.0429060311,14.3062350795,0.0,13.9460372617,10.2497468194,3.99657958162,0.0,8.05883622273,47.6859873979,20.7367355632,0,51.0234817515,23.6561070436,16.8681955611,0,47.2257740748
100,432.415580304,283.834752773,0.0,122.383174819,0.515619249926,0.338449096179,0.0,0.145931653895,87.319015636,76.90015178,55.0,85.63208442,96.0,87.15577347,55.0,100.07509483,12.1304176552,14.4007452428,0.0,14.066484856,10.2029402996,4.01942339407,0.0,8.08027232329,47.8838016408,21.0281249543,0,51.4894442532,24.2030788335,17.1669683238,0,47.6900982569
101,427.31899784,283.226808327,0.0,122.369238393,0.513040316214,0.340042853322,0.0,0.146916830465,88.319015636,77.90015178,56.0,86.63208442,97.0,88.15577347,56.0,101.07509483,12.2173611946,14.4938517496,0.0,14.1861620309,10.1543450511,4.04138483341,0.0,8.10045234066,48.0657994012,21.3157139299,0,51.944062586,24.7372894738,17.4621583178,0,48.1433834416
102,422.288380722,282.600500058,0.0,122.355195139,0.51047616177,0.341616831458,0.0,0.147907006772,89.319015636,78.90015178,57.0,87.63208442,98.0,89.15577347,57.0,102.07509483,12.3037430464,14.5855810114,0.0,14.3050731845,10.1040265107,4.06249001487,0.0,8.11942441811,48.2321898953,21.5995165294,0,52.3875590566,25.2581837141,17.7537575957,0,48.5858726832
103,417.323317172,281.955607932,0.0,122.341045341,0.507927426527,0.343170344045,0.0,0.148902229427,90.319015636,79.90015178,58.0,88.63208442,99.0,90.15577347,58.0,103.07509483,12.3895695033,14.6759589279,0.0,14.4232227729,10.0520478658,4.08276485004,0.0,8.13723500913,48.383182857,21.8795517392,0,52.8201557901,25.7652548223,18.0417647208,0,49.0178072766
104,412.423364901,281.291921074,0.0,122.326789285,0.505394730743,0.344702717669,0.0,0.149902551588,91.319015636,80.90015178,59.0,89.63208442,100.0,91.15577347,59.0,104.07509483,12.4748467564,14.7650108919,0.0,14.5406153051,9.99847009669,4.10223499894,0.0,8.15392892559,48.5189880612,22.1558431039,0,53.242074307,26.2580431812,18.3261842697,0,49.4394264083
105,407.588053455,280.609238202,0.0,122.312427251,0.502878674921,0.346213292273,0.0,0.150908032806,92.319015636,81.90015178,60.0,90.63208442,101.0,92.15577347,60.0,105.07509483,12.5595808971,14.8527617953,0.0,14.6572553378,9.94335202064,4.12092582686,0.0,8.16954938509,48.6398148866,22.4284183523,0,53.6535351387,26.7361347221,18.6070263576,0,49.8509668395
106,402.816886458,279.907368065,0.0,122.29795952,0.50037983975,0.34770142138,0.0,0.15191873887,93.319015636,82.90015178,61.0,91.63208442,102.0,93.15577347,61.0,106.07509483,12.643777919,14.9392360352,0.0,14.7731474715,9.88675033795,4.13886236567,0.0,8.18413805779,48.7458719158,22.6973090402,0,54.0547574783,27.1991592255,18.8843061857,0,50.2526626169
107,398.109343734,279.186129866,0.0,122.283386368,0.497898786055,0.349166472307,0.0,0.152934741638,94.319015636,83.90015178,62.0,92.63208442,103.0,94.15577347,62.0,107.07509483,12.7274437201,15.0244575201,0.0,14.8882963457,9.82871967926,4.1560692793,0.0,8.1977351124,48.8373665702,22.9625502074,0,54.4459588646,27.6467885186,19.158043612,0,50.6447448128
108,393.464883334,278.445353693,0.0,122.268708073,0.49543605476,0.350607826374,0.0,0.153956118866,95.319015636,84.90015178,63.0,93.63208442,104.0,95.15577347,63.0,108.07509483,12.8105841048,15.1084496769,0.0,15.0027066347,9.76931265427,4.17257083326,0.0,8.21037926151,48.9145047794,23.2241800517,0,54.8273548976,28.0787345934,19.4282627427,0,51.0274412893
109,388.882943459,277.684880925,0.0,122.253924908,0.492992166872,0.352024879098,0.0,0.154982954029,96.319015636,85.90015178,64.0,94.63208442,105.0,96.15577347,64.0,109.07509483,12.8932047858,15.191235458,0.0,15.1163830442,9.70857990131,4.18839086776,0.0,8.22210780604,48.9774906811,23.482239618,0,55.1991589827,28.4947476701,19.6949915459,0,51.4009764883
110,384.362944276,276.904564638,0.0,122.239037145,0.490567623473,0.353417040394,0.0,0.156015336132,97.319015636,86.90015178,65.0,95.63208442,106.0,97.15577347,65.0,110.07509483,12.9753113858,15.2728373485,0.0,15.2293303074,9.64657013781,4.20355277438,0.0,8.23295667891,49.0265263519,23.7367725026,0,55.561582102,28.8946142266,19.9582614859,0,51.7655712438
111,379.904289649,276.104270005,0.0,122.224045055,0.488162905731,0.354783734753,0.0,0.157053359517,98.319015636,87.90015178,66.0,96.63208442,107.0,98.15577347,66.0,111.07509483,13.0569094396,15.3532773735,0.0,15.3415531812,9.5833302113,4.21807947596,0.0,8.24296048783,49.0618115654,23.9878245731,0,55.9148326109,29.278155013,20.2181071773,0,52.1214426156
112,375.506368776,275.283874677,0.0,122.208948906,0.485778474916,0.35612440142,0.0,0.158097123664,99.319015636,88.90015178,67.0,97.63208442,108.0,99.15577347,67.0,112.07509483,13.1380043956,15.4325771057,0.0,15.4530564434,9.51890515087,4.23199340951,0.0,8.25215255722,49.0835435775,24.2354437035,0,56.2591160585,29.6452230674,20.4745660598,0,52.4688037436
113,371.16855773,274.443269152,0.0,122.193748966,0.483414772444,0.357438494569,0.0,0.159146732988,100.319015636,89.90015178,68.0,98.63208442,109.0,100.15577347,68.0,113.07509483,13.2186016179,15.5107576735,0.0,15.5638448893,9.45333821879,4.24531651193,0.0,8.26056496927,49.0919169357,24.4796795237,0,56.5946350286,29.9957017479,20.7276780911,0,52.8078637208
114,366.890220928,273.582357139,0.0,122.178445499,0.481072219915,0.358725483459,0.0,0.160202296626,101.319015636,90.90015178,69.0,99.63208442,110.0,101.15577347,69.0,114.07509483,13.2987063877,15.587839768,0.0,15.6739233287,9.38667096231,4.25807020836,0.0,8.26822860404,49.0871233125,24.7205831836,0,56.9215890024,30.3295027935,20.9774854586,0,53.1388274843
115,362.670712508,272.701055896,0.0,122.16303877,0.478751219182,0.359984852595,0.0,0.161263928222,102.319015636,91.90015178,70.0,100.63208442,111.0,102.15577347,70.0,115.07509483,13.3783239051,15.6638436516,0.0,15.7832965832,9.31894326532,4.27027540289,0.0,8.27517317872,49.0693513599,24.9582071313,0,57.2401742392,30.6465644241,21.224032309,0,53.4618957226
116,358.509377633,271.799296559,0.0,122.14752904,0.476452152421,0.361216101869,0.0,0.162331745709,103.319015636,92.90015178,71.0,101.63208442,112.0,103.15577347,71.0,116.07509483,13.4574592906,15.7387891656,0.0,15.8919694835,9.25019339983,4.28195247157,0.0,8.28142728589,49.0387865843,25.1926049047,0,57.5505836743,30.9468494887,21.4673644946,0,53.7772647991
117,354.40555372,270.877024453,0.0,122.131916571,0.474175382217,0.362418746704,0.0,0.163405871079,104.319015636,93.90015178,72.0,102.63208442,113.0,104.15577347,72.0,117.07509483,13.5361175871,15.8126957377,0.0,15.9999468669,9.1804580772,4.29312125742,0.0,8.28701843096,48.9956112411,25.4238309367,0,57.8530068334,31.2303436698,21.7075293367,0,54.0851266893
118,350.358571594,269.934199386,0.0,122.11620162,0.471921251661,0.363592318181,0.0,0.164486430158,105.319015636,94.90015178,73.0,103.63208442,114.0,105.15577347,73.0,118.07509483,13.6143037609,15.8855823906,0.0,16.1072335748,9.1097724988,4.30380106734,0.0,8.29197306857,48.9400042453,25.651940373,0,58.1476297614,31.4970537487,21.9445754039,0,54.385668933
119,346.367756578,268.970795918,0.0,122.100384447,0.469690084462,0.364736363167,0.0,0.165573552371,106.319015636,95.90015178,74.0,104.63208442,115.0,106.15577347,74.0,119.07509483,13.6920227033,15.9574677492,0.0,16.2138344505,9.03817040631,4.31401067076,0.0,8.29631663814,48.8721411,25.8769889019,0,58.4346349657,31.7470059379,22.1785523064,0,54.6790745974
120,342.432429516,267.986803618,0.0,122.084465305,0.467482185067,0.365850444426,0.0,0.166667370507,107.319015636,96.90015178,75.0,105.63208442,116.0,107.15577347,75.0,120.07509483,13.7692792325,16.028370049,0.0,16.3197543374,8.96568413123,4.32376829986,0.0,8.30007359853,48.7921938392,26.0990325968,0,58.7142013707,31.9802442827,22.4095105037,0,54.9655222542
121,338.55190773,266.982227293,0.0,122.068444452,0.465297838793,0.366934140731,0.0,0.167768020476,108.319015636,97.90015178,76.0,106.63208442,117.0,108.15577347,76.0,121.07509483,13.8460780947,16.0983071434,0.0,16.4249980765,8.89234464384,4.33309165122,0.0,8.30326746168,48.7003309842,26.3181277697,0,58.9865042853,32.196829135,22.6375011273,0,55.245185966
122,334.725505922,265.957087199,0.0,122.052322139,0.463137311972,0.367987046957,0.0,0.168875641071,109.319015636,98.90015178,77.0,107.63208442,118.0,109.15577347,77.0,122.07509483,13.9224239654,16.1672965116,0.0,16.5295705044,8.81818160126,4.34199788874,0.0,8.30592082546,48.5967175135,26.5343308349,0,59.2517153802,32.3968357011,22.8625758155,0,55.5182352843
123,330.952537016,264.911419227,0.0,122.036098618,0.461000852104,0.369008774179,0.0,0.169990373718,110.319015636,99.90015178,78.0,108.63208442,119.0,110.15577347,78.0,123.07509483,13.9983214511,16.2353552666,0.0,16.6334764523,8.74322339474,4.35050364785,0.0,8.30805540554,48.4815148441,26.7476981849,0,59.5100026751,32.5803526637,23.0847865612,0,55.7848352564
124,327.232312951,263.845275064,0.0,122.01977414,0.458888688021,0.369998949746,0.0,0.171112362233,111.319015636,100.90015178,79.0,109.63208442,120.0,111.15577347,79.0,124.07509483,14.0737750904,16.3025001621,0.0,16.7367207434,8.66749719603,4.35862504062,0.0,8.3096920664,48.3548808234,26.9582860744,0,59.7615305349,32.7474808784,23.3041855713,0,56.0451464418
125,323.564145411,262.758722333,0.0,122.003348955,0.456801030066,0.370957217364,0.0,0.172241752569,112.319015636,101.90015178,80.0,110.63208442,121.0,112.15577347,80.0,125.07509483,14.1487893554,16.3687476006,0.0,16.8393081917,8.5910290028,4.36637766191,0.0,8.31085085146,48.2169697313,27.1661505152,0,60.0064596741,32.8983321438,23.5208251381,0,56.2993249366
126,319.947346522,261.651844701,0.0,121.98682331,0.454738070276,0.371883237155,0.0,0.17337869257,113.319015636,102.90015178,81.0,111.63208442,122.0,113.15577347,81.0,126.07509483,14.223368653,16.4341136405,0.0,16.9412436007,8.51384368305,4.37377659641,0.0,8.31155101236,48.0679322906,27.3713471795,0,60.2449471679,33.0330280448,23.7347575199,0,56.5475224056
127,316.381229485,260.52474197,0.0,121.970197452,0.452699982573,0.372776685715,0.0,0.174523331712,114.319015636,103.90015178,82.0,112.63208442,123.0,114.15577347,82.0,127.07509483,14.297517326,16.4986140037,0.0,17.0425317614,8.43596501855,4.38083642625,0.0,8.31181103732,47.9079156862,27.5739313121,0,60.4771464711,33.1516988666,23.9460348337,0,56.789886122
128,312.865109179,259.37753013,0.0,121.953471626,0.450686922976,0.373637256165,0.0,0.175675820859,115.319015636,104.90015178,83.0,113.63208442,124.0,115.15577347,83.0,128.07509483,14.3712396546,16.5622640823,0.0,17.1431774515,8.35741574715,4.38757123949,0.0,8.31164867874,47.7370635908,27.7739576504,0,60.7032074422,33.2544825789,24.1547089553,0,57.0265590134
129,309.398302716,258.210341392,0.0,121.936646076,0.44869902981,0.374464658186,0.0,0.176836312004,116.319015636,105.90015178,84.0,114.63208442,125.0,116.15577347,84.0,129.07509483,14.4445398572,16.6250789462,0.0,17.2431854337,8.27821760406,4.39399463901,0.0,8.31108097993,47.5555161977,27.9714803527,0,60.9232763733,33.3415238865,24.3608314303,0,57.2576797137
130,305.980129951,257.023324195,0.0,121.919721046,0.446736423929,0.375258618052,0.0,0.178004958019,117.319015636,106.90015178,85.0,115.63208442,126.0,117.15577347,85.0,130.07509483,14.517422092,16.6870733499,0.0,17.342560455,8.19839136201,4.40011975196,0.0,8.31012430101,47.3634102589,28.1665529329,0,61.1374960248,33.4129733454,24.5644533923,0,57.4833826214
131,302.609913966,255.816643173,0.0,121.902696778,0.444799208947,0.376018878654,0.0,0.179181912399,118.319015636,107.90015178,86.0,116.63208442,127.0,118.15577347,86.0,131.07509483,14.5898904578,16.7482617392,0.0,17.441307245,8.1179568703,4.40595923961,0.0,8.30879434407,47.160879129,28.3592282033,0,61.3460056644,33.4689865412,24.7656254899,0,57.7037979622
132,299.286981506,254.590479111,0.0,121.885573511,0.442887471482,0.376745199505,0.0,0.180367329013,119.319015636,108.90015178,87.0,117.63208442,128.0,119.15577347,87.0,132.07509483,14.6619489952,16.8086582583,0.0,17.5394305153,8.03693309268,4.41152530762,0.0,8.30710617745,46.9480528127,28.5495582226,0,61.5489411104,33.5097233273,24.9643978204,0,57.9190518571
133,296.010663388,253.345028853,0.0,121.868351487,0.441001281397,0.377437356752,0.0,0.181561361851,120.319015636,109.90015178,88.0,118.63208442,129.0,120.15577347,88.0,133.07509483,14.7336016877,16.8682767562,0.0,17.6369349582,7.9553381442,4.41682971648,0.0,8.30507425938,46.7250580171,28.7375942507,0,61.7464347781,33.5353471201,25.1608198712,0,58.1292663943
134,292.780294878,252.080505197,0.0,121.851030942,0.439140692061,0.378095143163,0.0,0.182764164776,121.319015636,110.90015178,89.0,119.63208442,130.0,121.15577347,89.0,134.07509483,14.804852463,16.9271307934,0.0,17.733825246,7.87318932683,4.42188379229,0.0,8.30271246075,46.4920182069,28.9233867093,0,61.9386157292,33.5460242487,25.3549404676,0,58.334559705
135,289.595216032,250.797136752,0.0,121.833612115,0.437305740611,0.378718368117,0.0,0.183975891271,122.319015636,111.90015178,90.0,120.63208442,131.0,122.15577347,90.0,135.07509483,14.8757051934,16.9852336481,0.0,17.83010603,7.79050316397,4.42669843767,0.0,8.3000340872,46.2490536628,29.1069851471,0,62.1256097242,33.5419233559,25.5468077265,0,58.5350460437
136,286.454772017,249.495167768,0.0,121.816095243,0.435496448224,0.379306857578,0.0,0.185196694198,123.319015636,112.90015178,91.0,121.63208442,132.0,123.15577347,91.0,136.07509483,14.9461636977,17.0425983226,0.0,17.9257819398,7.70729543391,4.43128414283,0.0,8.29705190052,45.9962815419,29.2884382108,0,62.3075392768,33.5232148484,25.7364690163,0,58.7308358702
137,283.358313395,248.174857941,0.0,121.798480559,0.433712820392,0.379860454061,0.0,0.186426725547,124.319015636,113.90015178,92.0,122.63208442,133.0,124.15577347,92.0,137.07509483,15.0162317413,17.0992375494,0.0,18.0208575824,7.62358120204,4.43565099667,0.0,8.29377813928,45.7338159408,29.4677936202,0,62.4845237106,33.4900703925,25.9239709216,0,58.9220359357
138,280.305196387,246.836482183,0.0,121.7807683,0.431954847208,0.380379016589,0.0,0.187666136203,125.319015636,114.90015178,93.0,123.63208442,134.0,125.15577347,93.0,138.07509483,15.0859130378,17.1551637975,0.0,18.1153375414,7.53937485207,4.43980869804,0.0,8.29022453882,45.4617679595,29.6450981478,0,62.6566792169,33.442662454,26.1093592134,0,59.1087493706
139,277.294783117,245.480330367,0.0,121.762958697,0.430222503659,0.380862420642,0.0,0.188915075699,126.319015636,115.90015178,94.0,124.63208442,135.0,126.15577347,94.0,139.07509483,15.1552112496,17.2103892777,0.0,18.2092263766,7.45469011611,4.44376656689,0.0,8.28640235056,45.1802457674,29.8203976024,0,62.8241189146,33.3811638777,26.2926788235,0,59.2910757753
140,274.326441821,244.106707048,0.0,121.745051984,0.42851574992,0.381310558096,0.0,0.190173691984,127.319015636,116.90015178,95.0,125.63208442,136.0,127.15577347,95.0,140.07509483,15.2241299891,17.2649259493,0.0,18.3025286233,7.36954010367,4.44753355545,0.0,8.28232236068,44.8893546692,29.9937368164,0,62.9869529108,33.3057475069,26.4739738237,0,59.4691113117
141,271.399547046,242.715931149,0.0,121.727048391,0.426834531662,0.381723337148,0.0,0.19144213119,128.319015636,117.90015178,96.0,126.63208442,137.0,128.15577347,96.0,141.07509483,15.2926728193,17.3187855249,0.0,18.3952487916,7.28393732957,4.45111825943,0.0,8.27799490809,44.5891971725,30.1651596366,0,63.1452883625,33.2165858367,26.6532874082,0,59.6429487979
142,268.513479825,241.30833563,0.0,121.70894815,0.425178780353,0.382100682241,0.0,0.192720537405,129.319015636,118.90015178,97.0,127.63208442,138.0,129.15577347,97.0,142.07509483,15.3608432549,17.3719794764,0.0,18.4873913659,7.19789374092,4.45452892898,0.0,8.27342990191,44.2798730548,30.3347089178,0,63.2992295384,33.1138507024,26.8306618806,0,59.8126778025
143,265.667627829,239.884267119,0.0,121.690751489,0.423548413582,0.382442533972,0.0,0.194009052446,130.319015636,119.90015178,98.0,128.63208442,139.0,130.15577347,98.0,143.07509483,15.4286447631,17.4245190405,0.0,18.5789608046,7.11142074289,4.45777347972,0.0,8.2686368382,43.9614794312,30.5024265201,0,63.4488778824,32.9977129983,27.0061386434,0,59.9783847411
144,262.86138551,238.444085532,0.0,121.672458637,0.421943335369,0.382748848991,0.0,0.19530781564,131.319015636,120.90015178,99.0,129.63208442,140.0,131.15577347,99.0,144.07509483,15.4960807644,17.4764152239,0.0,18.6699615393,7.02452922368,4.46085950351,0.0,8.26362481623,43.6341108213,30.6683533079,0,63.5943320762,32.8683424257,27.179758191,0,60.1401529732
145,260.094154217,236.988163656,0.0,121.654069823,0.420363436497,0.383019599895,0.0,0.196616963608,132.319015636,121.90015178,100.0,130.63208442,141.0,132.15577347,100.0,145.07509483,15.5631546335,17.5276788083,0.0,18.7603979747,6.93722957838,4.46379427917,0.0,8.25840255411,43.2978592163,30.8325291517,0,63.7356881023,32.7259072681,27.3515601061,0,60.2980628997
146,257.365342304,235.516886718,0.0,121.635585272,0.418808594832,0.38325477511,0.0,0.197936630058,133.319015636,122.90015178,101.0,131.63208442,142.0,133.15577347,101.0,146.07509483,15.6298697001,17.578320356,0.0,18.8502744879,6.8495317319,4.466584783,0.0,8.25297840386,42.952814145,30.9949929329,0,63.8730393078,32.5705741912,27.5215830571,0,60.4521920606
147,254.674365218,234.030651929,0.0,121.617005211,0.417278675664,0.383454378764,0.0,0.199266945572,134.319015636,123.90015178,102.0,132.63208442,143.0,134.15577347,102.0,147.07509483,15.6962292496,17.6283502142,0.0,18.9395954285,6.76144516103,4.46923769911,0.0,8.24736036602,42.5990627397,31.1557825491,0,64.0064764666,32.4025080665,27.6898648001,0,60.6026152323
148,252.02064558,232.529868002,0.0,121.598329864,0.415773532037,0.383618430549,0.0,0.200608037413,135.319015636,124.90015178,103.0,133.63208442,144.0,135.15577347,103.0,148.07509483,15.7622365241,17.6777785206,0.0,19.0283651178,6.67297891549,4.47175942959,0.0,8.24155610363,42.2366898002,31.3149349226,0,64.1360878428,32.2218718161,27.8564421809,0,60.749404526
149,249.403613244,231.01495466,0.0,121.579559457,0.414293005092,0.383746965581,0.0,0.201960029328,136.319015636,125.90015178,104.0,134.63208442,145.0,136.15577347,104.0,149.07509483,15.8278947227,17.7266152075,0.0,19.1165878486,6.58414163822,4.4741561045,0.0,8.23557295579,41.8657778575,31.4724860097,0,64.2619592525,32.0288262779,28.0213511404,0,60.8926294841
150,246.822705351,229.486342116,0.0,121.560694212,0.412836924407,0.383840034238,0.0,0.203323041355,137.319015636,126.90015178,105.0,135.63208442,146.0,137.15577347,105.0,150.07509483,15.8932070029,17.774870007,0.0,19.2042678852,6.49494158471,4.47643359155,0.0,8.22941795068,41.486407236,31.6284708122,0,64.3841741259,31.8235300886,28.1846267212,0,61.0323571774
151,244.277366369,227.944470542,0.0,121.541734353,0.411405108348,0.383897702005,0.0,0.204697189647,138.319015636,127.90015178,106.0,136.63208442,147.0,138.15577347,106.0,151.07509483,15.9581764808,17.8225524552,0.0,19.291409463,6.40538664154,4.47859750573,0.0,8.22309781814,41.0986561148,31.7829233891,0,64.5028135682,31.6061395843,28.3463030758,0,61.1686523001
152,241.767048121,226.38978952,0.0,121.5226801,0.409997364411,0.383920049296,0.0,0.206082586293,139.319015636,128.90015178,107.0,137.63208442,148.0,139.15577347,107.0,152.07509483,16.0228062318,17.8696718967,0.0,19.3780167882,6.31548434418,4.48065321858,0.0,8.21661900174,40.7026005867,31.9358768707,0,64.6179564205,31.3768087163,28.5064134765,0,61.3015772654
153,239.291209808,224.822757477,0.0,121.503531676,0.408613489577,0.383907171278,0.0,0.207479339144,140.319015636,129.90015178,108.0,138.63208442,149.0,140.15577347,108.0,153.07509483,16.0870992917,17.9162374889,0.0,19.4640940376,6.22524189389,4.48260586724,0.0,8.20998767043,40.2983147163,32.0873634732,0,64.7296793192,31.1356889821,28.6649903262,0,61.4311922987
154,236.849318016,223.243841109,0.0,121.4842893,0.407253270665,0.383859177679,0.0,0.208887551656,141.319015636,130.90015178,109.0,139.63208442,150.0,141.15577347,109.0,154.07509483,16.1510586571,17.9622582065,0.0,19.5496453586,6.13466617399,4.4844603634,0.0,8.20320972978,39.8858705969,32.2374145137,0,64.838056755,30.8829293689,28.8220651704,0,61.5575555299
155,234.440846722,221.653514794,0.0,121.464953192,0.405916484683,0.383776192591,0.0,0.210307322726,142.319015636,131.90015178,110.0,140.63208442,151.0,142.15577347,110.0,155.07509483,16.2146872861,18.0077428453,0.0,19.634674869,6.0437637653,4.48622140182,0.0,8.19629083276,39.4653384048,32.3860604271,0,64.9431611311,30.6186763104,28.9776687106,0,61.6807230841
156,232.065277283,220.052259991,0.0,121.445523571,0.404602899185,0.383658354265,0.0,0.21173874655,143.319015636,132.90015178,111.0,141.63208442,152.0,143.15577347,111.0,156.07509483,16.277988099,18.0527000265,0.0,19.7191866567,5.95254096097,4.48789346879,0.0,8.1892363901,39.0367864523,32.5333307826,0,65.0450628203,30.3430736541,29.1318308181,0,61.8007491709
157,229.722098429,218.440564636,0.0,121.426000655,0.40331227263,0.383505814897,0.0,0.213181912473,144.319015636,133.90015178,112.0,142.63208442,153.0,144.15577347,112.0,157.07509483,16.3409639788,18.0971382003,0.0,19.8031847798,5.8610037806,4.48948085025,0.0,8.18205158035,38.6002812395,32.6792543012,0,65.1438302211,30.0562626407,29.2845805485,0,61.9176861719
158,227.410806237,216.818922528,0.0,121.406384661,0.402044354734,0.383318740409,0.0,0.214636904857,145.319015636,134.90015178,113.0,143.63208442,154.0,145.15577347,113.0,158.07509483,16.4036177719,18.1410656503,0.0,19.8866732664,5.76915798368,4.49098763968,0.0,8.17474135941,38.1558875029,32.823858874,0,65.2395298128,29.7583818916,29.4359461573,0,62.0315847259
159,225.130904108,215.187832708,0.0,121.386675806,0.400798886835,0.383097310213,0.0,0.216103802952,146.319015636,135.90015178,114.0,144.63208442,155.0,146.15577347,114.0,159.07509483,16.465952289,18.1844904966,0.0,19.9696561146,5.67700908243,4.49241774582,0.0,8.16731046985,37.7036682637,32.9671715802,0,65.3322262098,29.4495674073,29.5859551159,0,62.1424938122
160,222.881902735,213.547798836,0.0,121.366874307,0.399575602243,0.382841716982,0.0,0.217582680775,147.319015636,136.90015178,115.0,145.63208442,156.0,147.15577347,115.0,160.07509483,16.5279703052,18.2274207001,0.0,20.0521372924,5.58456235411,4.49377490004,0.0,8.15976344977,37.2436848729,33.1092187059,0,65.4219822146,29.1299525737,29.7346341273,0,62.2504608324
161,220.663320064,211.899328569,0.0,121.346980378,0.398374226601,0.382552166402,0.0,0.219073606997,148.319015636,137.90015178,116.0,146.63208442,157.0,148.15577347,116.0,161.07509483,16.5896745607,18.2698640658,0.0,20.1341207376,5.49182285259,4.49506266361,0.0,8.15210464131,36.7759970554,33.2500257631,0,65.5088588696,28.7996681769,29.8820091437,0,62.355531689
162,218.474681251,210.24293293,0.0,121.326994233,0.397194478245,0.38222887692,0.0,0.220576644835,149.319015636,138.90015178,117.0,147.63208442,158.0,149.15577347,117.0,162.07509483,16.6510677619,18.311828246,0.0,20.2156103578,5.39879541955,4.49628443465,0.0,8.14433819893,36.3006629509,33.3896175082,0,65.5929155082,28.4588424265,30.0281053828,0,62.4577508622
163,216.315518615,208.579125687,0.0,121.306916088,0.396036068555,0.38187207949,0.0,0.222091851956,150.319015636,139.90015178,118.0,148.63208442,159.0,150.15577347,118.0,163.07509483,16.7121525813,18.3533207444,0.0,20.2966100305,5.30548469499,4.49744345482,0.0,8.13646809727,35.8177391543,33.5280179618,0,65.6742098046,28.1076009855,30.172947345,0,62.5571614844
164,214.185371591,206.908422726,0.0,121.286746155,0.39489870231,0.381482017305,0.0,0.223619280385,151.319015636,140.90015178,119.0,149.63208442,160.0,151.15577347,119.0,164.07509483,16.7729316582,18.3943489188,0.0,20.3771236031,5.21189512737,4.49854281593,0.0,8.12849813871,35.3272807526,33.6652504272,0,65.7527978222,27.7460670093,30.3165588313,0,62.6538054117
165,212.083786667,205.231341435,0.0,121.266484648,0.393782078047,0.381058945528,0.0,0.225158976424,152.319015636,141.90015178,120.0,150.63208442,161.0,152.15577347,120.0,165.07509483,16.8334075996,18.4349199846,0.0,20.4571548928,5.11803098314,4.49958546613,0.0,8.1204319607,34.8293413607,33.80133751,0,65.8287340612,27.3743611914,30.4589629601,0,62.7477232939
166,210.010317331,203.548400088,0.0,121.246131777,0.392685888407,0.380603131018,0.0,0.226710980574,153.319015636,142.90015178,121.0,151.63208442,162.0,153.15577347,121.0,166.07509483,16.8935829803,18.4750410182,0.0,20.5367076866,5.02389635588,4.50057421607,0.0,8.11227304273,34.323973154,33.9363011368,0,65.9020715051,26.9926018174,30.6001821852,0,62.8389546402
167,207.964524008,201.860117234,0.0,121.225687755,0.391609820487,0.380114852042,0.0,0.228275327471,154.319015636,143.90015178,122.0,152.63208442,163.0,154.15577347,122.0,167.07509483,16.9534603438,18.5147189598,0.0,20.6157857414,4.92949517499,4.50151174471,0.0,8.10402471303,33.8112269001,34.0701625743,0,65.9728616657,26.6009048267,30.7402383129,0,62.9275378844
168,205.945973996,200.167011103,0.0,121.205152793,0.390553556188,0.379594397991,0.0,0.229852045821,155.319015636,144.90015178,123.0,153.63208442,164.0,155.15577347,123.0,168.07509483,17.0130422023,18.5539606162,0.0,20.6943927841,4.83483121391,4.50240060499,0.0,8.09569015507,33.2911519869,34.2029424478,0,66.0411546277,26.1993838831,30.8791525193,0,63.0135104456
169,203.954241394,198.46959901,0.0,121.1845271,0.389516772557,0.379042069087,0.0,0.231441158356,156.319015636,145.90015178,124.0,154.63208442,165.0,156.15577347,124.0,169.07509483,17.0723310377,18.5927726646,0.0,20.7725325118,4.73990809795,4.50324322924,0.0,8.08727241371,32.763796449,34.3346607604,0,66.1069990912,25.7881504551,31.016945368,0,63.0969087875
170,201.98890704,196.76839678,0.0,121.163810887,0.388499142133,0.378458176084,0.0,0.233042681783,157.319015636,146.90015178,125.0,155.63208442,166.0,157.15577347,125.0,170.07509483,17.1313293019,18.6311616546,0.0,20.8502085914,4.64472931178,4.50404193449,0.0,8.07877440114,32.2292069921,34.4653369105,0,66.1704424137,25.3673139051,31.1536368272,0,63.1777684741
171,200.049558434,195.063918171,0.0,121.143004362,0.387500333282,0.377843039967,0.0,0.234656626751,158.319015636,147.90015178,126.0,156.63208442,167.0,158.15577347,126.0,171.07509483,17.1900394171,18.6691340115,0.0,20.9274246602,4.54929820645,4.50479892746,0.0,8.07019890263,31.6874290139,34.5949897107,0,66.2315306512,24.9369815914,31.2892462862,0,63.2561242239
172,198.135789664,193.356674327,0.0,121.122107735,0.386520010535,0.377196991642,0.0,0.236282997822,159.319015636,148.90015178,127.0,157.63208442,168.0,159.15577347,127.0,172.07509483,17.2484637768,18.7066960387,0.0,21.0041843256,4.45361800616,4.50551630942,0.0,8.06154858191,31.138506623,34.7236374051,0,66.2903085976,24.4972589819,31.4237925726,0,63.3320099598
173,196.247201335,191.647173228,0.0,121.101121213,0.385557834919,0.376520371632,0.0,0.237921793449,160.319015636,149.90015178,128.0,158.63208442,169.0,160.15577347,128.0,173.07509483,17.3066047454,18.7438539208,0.0,21.0804911655,4.35769181463,4.50619608088,0.0,8.05282598652,30.5824826553,34.8512976871,0,66.3468198231,24.0482497827,31.557293969,0,63.4054588583
174,194.383400487,189.935919168,0.0,121.080045003,0.384613464283,0.375813529755,0.0,0.239573005962,161.319015636,150.90015178,129.0,159.63208442,170.0,161.15577347,129.0,174.07509483,17.3644646595,18.7806137259,0.0,21.1563487281,4.26152262116,4.50684014609,0.0,8.04403355276,30.0193986871,34.9779877167,0,66.4011067126,23.5900560839,31.689768229,0,63.4765033942
175,192.544000523,188.223412238,0.0,121.058879312,0.383686553623,0.375076824813,0.0,0.241236621564,162.319015636,151.90015178,130.0,160.63208442,171.0,162.15577347,130.0,175.07509483,17.4220458278,18.8169814084,0.0,21.2317605324,4.16511330637,4.5074503173,0.0,8.03517361056,29.4492950451,35.1037241373,0,66.4532105011,23.1227785244,31.8212325931,0,63.545175384
176,190.728621125,186.510147837,0.0,121.037624347,0.382776755403,0.374310624267,0.0,0.24291262033,163.319015636,152.90015178,131.0,161.63208442,172.0,163.15577347,131.0,176.07509483,17.4793505319,18.8529628112,0.0,21.3067300679,4.06846664771,4.50802831896,0.0,8.0262483881,28.8722108142,35.228523092,0,66.5031713099,22.6465164803,31.9517038052,0,63.6115060266
177,188.936888174,184.796616186,0.0,121.016280313,0.381883719866,0.373515303919,0.0,0.244600976215,164.319015636,153.90015178,132.0,162.63208442,173.0,164.15577347,132.0,177.07509483,17.5363810264,18.8885636682,0.0,21.3812607951,3.97158532462,4.50857579167,0.0,8.01726001623,28.2881838404,35.3524002404,0,66.5510281808,22.1613682804,32.0811981273,0,63.6755259407
178,187.168433676,183.083301876,0.0,120.994847417,0.381007095347,0.37269124758,0.0,0.246301657073,165.319015636,154.90015178,133.0,163.63208442,174.0,165.15577347,133.0,178.07509483,17.5931395395,18.923789607,0.0,21.4553561452,3.87447192345,4.509094296,0.0,8.00821053273,27.6972507316,35.475370774,0,66.5968191098,21.667431454,32.209731355,0,63.7372652009
179,185.422895672,181.370683421,0.0,120.973325861,0.380146528574,0.37183884675,0.0,0.248014624676,166.319015636,155.90015178,134.0,164.63208442,175.0,166.15577347,134.0,179.07509483,17.6496282734,18.9586461507,0.0,21.5290195206,3.77712894217,4.50958531613,0.0,7.99910188639,27.0994468532,35.5974494319,0,66.6405810789,21.1648030176,32.3373188323,0,63.7967533704
180,183.699918161,179.659232838,0.0,120.951715852,0.379301664973,0.370958500283,0.0,0.249739834744,167.319015636,156.90015178,135.0,165.63208442,176.0,167.15577347,135.0,180.07509483,17.7058494045,18.9931387205,0.0,21.6022542951,3.67955879478,4.51005026339,0.0,7.98993594091,26.4948063201,35.7186505158,0,66.6823500883,20.6535798081,32.4639754661,0,63.854019532
181,181.999151018,177.949415244,0.0,120.930017592,0.378472148955,0.370050614062,0.0,0.251477236983,168.319015636,157.90015178,136.0,166.63208442,177.0,168.15577347,136.0,181.07509483,17.7618050842,19.027272638,0.0,21.6750638136,3.58176381557,4.51049047963,0.0,7.98071447863,25.883361984,35.8389879046,0,66.7221611867,20.1338588719,32.5897157403,0,63.9090923169
182,180.32024991,176.241688477,0.0,120.908231285,0.377657624211,0.369115600663,0.0,0.253226775126,169.319015636,158.90015178,137.0,167.63208442,178.0,169.15577347,137.0,182.07509483,17.8174974389,19.061053127,0.0,21.7474513928,3.48374626309,4.51090724039,0.0,7.97143920412,25.2651454151,35.9584750693,0,66.7600485009,19.6057379227,32.7145537299,0,63.9619999309
183,178.662876216,174.536502729,0.0,120.886357133,0.376857733991,0.368153879027,0.0,0.254988386982,170.319015636,159.90015178,138.0,168.63208442,179.0,170.15577347,138.0,183.07509483,17.8729285706,19.0944853157,0.0,21.8194203208,3.38550832396,4.51130175806,0.0,7.96211174763,24.6401868785,36.0771250862,0,66.7960452644,19.0693158811,32.8385031141,0,64.0127701787
184,177.026696939,172.834300207,0.0,120.86439534,0.37607212138,0.367165874129,0.0,0.256762004492,171.319015636,160.90015178,139.0,169.63208442,180.0,171.15577347,139.0,184.07509483,17.9281005571,19.1275742391,0.0,21.8909738578,3.28705211653,4.51167518477,0.0,7.95273366833,24.0085153038,36.194950651,0,66.8301838456,18.5246935157,32.9615771897,0,64.0614304864
185,175.411384632,171.135514815,0.0,120.842346106,0.375300429569,0.366152016639,0.0,0.258547553791,172.319015636,161.90015178,140.0,170.63208442,181.0,172.15577347,140.0,185.07509483,17.9830154525,19.1603248405,0.0,21.9621152358,3.18837969429,4.51202861527,0.0,7.9433064575,23.3701582478,36.3119640919,0,66.8624957745,17.9719742078,33.0837888836,0,64.1080079218
186,173.816617307,169.440571853,0.0,120.820209633,0.374542302123,0.365112742602,0.0,0.260344955276,173.319015636,162.90015178,141.0,171.63208442,182.0,173.15577347,141.0,186.07509483,18.0376752877,19.1927419738,0.0,22.0328476591,3.08949304914,4.51236308962,0.0,7.93383154154,22.7251418484,36.4281773822,0,66.893011769,17.4112648692,33.2051507656,0,64.1525292128
187,172.242078361,167.74988774,0.0,120.797986123,0.373797383232,0.364048493094,0.0,0.262154123674,174.319015636,163.90015178,142.0,172.63208442,183.0,174.15577347,142.0,187.07509483,18.0920820701,19.2248304052,0.0,22.1031743044,2.99039411455,4.51267959577,0.0,7.92431028483,22.0734907693,36.5436021532,0,66.92176176,16.8426770483,33.3256750603,0,64.1950207646
188,170.687456486,166.063869755,0.0,120.775675775,0.373065317967,0.362959713905,0.0,0.263974968128,175.319015636,164.90015178,143.0,173.63208442,184.0,175.15577347,143.0,188.07509483,18.146237785,19.2565948153,0.0,22.1730983207,2.89108476848,4.51297907205,0.0,7.91474399248,21.4152281342,36.6582497056,0,66.9487749162,16.2663282707,33.4453736589,0,64.2355086743
189,169.152445595,164.382915806,0.0,120.753278789,0.372345752524,0.361846855201,0.0,0.265807392275,176.319015636,165.90015178,144.0,174.63208442,185.0,176.15577347,144.0,189.07509483,18.2001443949,19.2880398007,0.0,22.2426228299,2.79156683629,4.51326240953,0.0,7.90513391303,20.7503754479,36.7721310217,0,66.9740796678,15.6823436734,33.5642581302,0,64.274018745
190,167.636744738,162.707414211,0.0,120.730795365,0.37163833446,0.360710371202,0.0,0.267651294338,177.319015636,166.90015178,145.0,175.63208442,186.0,177.15577347,145.0,190.07509483,18.2538038404,19.3191698757,0.0,22.3117509268,2.6918420934,4.51353045432,0.0,7.89548124093,20.0789525023,36.8852567767,0,66.9977037292,15.0908580069,33.6823397324,0,64.3105764974
191,166.14005802,161.037743503,0.0,120.708225703,0.370942712924,0.359550719857,0.0,0.269506567219,178.319015636,167.90015178,146.0,176.63208442,187.0,178.15577347,146.0,191.07509483,18.3072180404,19.3499894746,0.0,22.380485679,2.59191226795,4.51378400966,0.0,7.88578711895,19.400977266,36.9976373494,0,67.0196741217,14.4920181019,33.7996294232,0,64.3452071806
192,164.662094525,159.374272264,0.0,120.685570001,0.370258538882,0.35836836252,0.0,0.271373098598,179.319015636,168.90015178,147.0,177.63208442,188.0,179.15577347,147.0,192.07509483,18.3603888926,19.3805029524,0.0,22.4488301275,2.49177904323,4.51402383806,0.0,7.87605264053,18.7164657518,37.109282833,0,67.0400171948,13.8859859258,33.9161378703,0,64.3779357816
193,163.202568232,157.717358963,0.0,120.662828457,0.369585465336,0.357163763631,0.0,0.273250771033,180.319015636,169.90015178,148.0,178.63208442,189.0,180.15577347,148.0,193.07509483,18.4133182734,19.4107145875,0.0,22.5167872869,2.39144406018,4.51425066325,0.0,7.86627885197,18.0254318611,37.2202030452,0,67.0587586468,13.2729423928,34.0318754617,0,64.408787033
194,161.761197942,156.067351828,0.0,120.640001269,0.368923147529,0.355937390397,0.0,0.275139462073,181.319015636,170.90015178,149.0,179.63208442,190.0,181.15577347,149.0,194.07509483,18.4660080385,19.4406285827,0.0,22.5843601452,2.29090891966,4.51446517205,0.0,7.85646675457,17.3278871966,37.3304075384,0,67.0759235455,12.6530921427,34.1468523151,0,64.4377854206
195,160.337707194,154.424588731,0.0,120.617088635,0.368271243151,0.354689712484,0.0,0.277039044365,182.319015636,171.90015178,150.0,180.63208442,191.0,182.15577347,150.0,195.07509483,18.5184600232,19.4702490667,0.0,22.6515516642,2.19017518473,4.51466801616,0.0,7.84661730661,16.6238408396,37.439905609,0,67.0915363471,12.0266695727,34.2610782875,0,64.4649551886
196,158.931824193,152.789397093,0.0,120.594090751,0.367629412533,0.353421201698,0.0,0.278949385769,183.319015636,172.90015178,151.0,181.63208442,192.0,183.15577347,151.0,196.07509483,18.5706760427,19.4995800962,0.0,22.7183647797,2.08924438291,4.51485981393,0.0,7.83673142534,15.9132990825,37.5487063067,0,67.1056209157,11.3939465037,34.3745629843,0,64.4903203451
197,157.543281731,151.162093808,0.0,120.571007815,0.366997318837,0.352132331685,0.0,0.280870349478,184.319015636,173.90015178,152.0,182.63208442,193.0,184.15577347,152.0,197.07509483,18.6226578921,19.5286256567,0.0,22.7848024018,1.9881180083,4.51504115195,0.0,7.82680998879,15.1962651045,37.6568184436,0,67.118200541,10.7552419906,34.487315768,0,64.5139046659
198,156.171817109,149.542985185,0.0,120.547840022,0.366374628235,0.350823577624,0.0,0.282801794141,185.319015636,174.90015178,153.0,183.63208442,194.0,185.15577347,153.0,198.07509483,18.6744073471,19.5573896646,0.0,22.8508674149,1.88679752382,4.51521258661,0.0,7.81685383755,14.4727385785,37.7642506028,0,67.1292979561,10.1109349727,34.5993457669,0,64.5357316978
199,154.817172069,147.93236691,0.0,120.524587569,0.365761010085,0.349495415929,0.0,0.284743573986,186.319015636,175.90015178,154.0,184.63208442,195.0,186.15577347,154.0,199.07509483,18.7259261641,19.5858759683,0.0,22.916562678,1.78528436331,4.51537464563,0.0,7.80686377647,13.7427151877,37.8710111463,0,67.1389353546,9.46148071141,34.7106618829,0,64.5558247609
200,153.479092713,146.330524021,0.0,120.501250651,0.365156137095,0.348148323957,0.0,0.286695538949,187.319015636,176.90015178,155.0,185.63208442,196.0,187.15577347,155.0,200.07509483,18.7772160804,19.6140883494,0.0,22.9818910248,1.68357993381,4.51552782945,0.0,7.79684057628,13.0061860287,37.9771082239,0,67.1471344072,8.80743232911,34.8212728,0,64.5742069508
201,152.157329433,144.737730901,0.0,120.477829463,0.364559685482,0.346782779713,0.0,0.288657534804,188.319015636,177.90015178,156.0,186.63208442,197.0,188.15577347,156.0,201.07509483,18.8282788146,19.6420305247,0.0,23.0468552641,1.58168561778,4.51567261259,0.0,7.78678497512,12.2631368639,38.0825497798,0,67.1539162774,8.14946927443,34.9311869913,0,64.5909011394
202,150.851636839,143.154251288,0.0,120.4543242,0.36397133513,0.345399261571,0.0,0.290629403299,189.319015636,178.90015178,157.0,187.63208442,198.0,189.15577347,157.0,202.07509483,18.8791160668,19.6697061469,0.0,23.1114581797,1.47960277551,4.51580944493,0.0,7.77669768002,11.5135471753,38.187343561,0,67.1593016372,7.48843528705,35.040412727,0,64.6059299758
203,149.561773685,141.580338303,0.0,120.430735056,0.363390769724,0.34399824799,0.0,0.292610982286,190.319015636,179.90015178,158.0,188.63208442,199.0,190.15577347,158.0,203.07509483,18.9297295189,19.6971188061,0.0,23.1757025309,1.3773327476,4.51593875298,0.0,7.76657936832,10.7573889507,38.291497124,0,67.1633106815,6.82538951407,35.1489580811,0,64.6193158867
204,148.287502802,140.016234484,0.0,120.407062225,0.362817676899,0.342580217238,0.0,0.294602105863,191.319015636,180.90015178,159.0,189.63208442,200.0,191.15577347,159.0,204.07509483,18.9801208347,19.7242720314,0.0,23.2395910523,1.2748768578,4.51606094099,0.0,7.756430689,9.99462509909,38.3950178418,0,67.165963143,6.16167601419,35.2568309382,0,64.6310810759
205,147.028591026,138.462171842,0.0,120.383305901,0.362251748362,0.341145647127,0.0,0.296602604512,192.319015636,181.90015178,160.0,190.63208442,201.0,192.15577347,160.0,205.07509483,19.0302916605,19.7511692915,0.0,23.3031264547,1.17223641593,4.51617639213,0.0,7.746252264,9.22520734738,38.4979129107,0,67.1672783059,5.49901921945,35.3640390005,0,64.6412475238
206,145.784809131,136.918371931,0.0,120.359466277,0.361692680017,0.339695014745,0.0,0.298612305237,193.319015636,182.90015178,161.0,191.63208442,202.0,193.15577347,161.0,206.07509483,19.0802436249,19.7778139967,0.0,23.3663114244,1.06941272147,4.51628546951,0.0,7.73604468941,8.4490733835,38.6001893564,0,67.1672750195,4.83965637428,35.4705897939,0,64.6498369869
207,144.555931757,135.385045921,0.0,120.335543546,0.361140172086,0.338228796201,0.0,0.300631031712,194.319015636,183.90015178,162.0,192.63208442,203.0,194.15577347,162.0,207.07509483,19.1299783393,19.8042094993,0.0,23.429148624,0.966407067473,4.5163885172,0.0,7.72580853668,7.66614288034,38.7018540404,0,67.1659717106,4.18652306005,35.5764906742,0,64.6568709963
208,143.34173735,133.862394698,0.0,120.3115379,0.360593929212,0.336747466371,0.0,0.302658604417,195.319015636,184.90015178,163.0,193.63208442,204.0,195.15577347,163.0,208.07509483,19.1794973984,19.8303590954,0.0,23.4916406926,0.863220745411,4.5164858612,0.0,7.71554435371,6.87631179092,38.8029136658,0,67.1633863971,3.54351532242,35.6817488328,0,64.6623708566
209,142.14200809,132.350608958,0.0,120.287449533,0.360053660563,0.335251498649,0.0,0.304694840788,196.319015636,185.90015178,164.0,194.63208442,205.0,196.15577347,164.0,209.07509483,19.2288023799,19.8562660256,0.0,23.5537902457,0.759855050982,4.51657781037,0.0,7.70525266595,6.07944386083,38.9033747832,0,67.1595366991,2.91586234214,35.7863713028,0,64.6663576445
210,140.956529829,130.84986933,0.0,120.263278635,0.359519079931,0.333741364713,0.0,0.306739555356,197.319015636,186.90015178,165.0,195.63208442,206.0,197.15577347,165.0,210.07509483,19.2778948449,19.8819334762,0.0,23.6155998755,0.656311291394,4.51666465726,0.0,7.6949339774,5.27535742087,39.0032437958,0,67.1544398511,2.31065704639,35.8903649641,0,64.6688522073
211,139.785092028,129.360346493,0.0,120.239025398,0.358989905815,0.332217534286,0.0,0.308792559898,198.319015636,187.90015178,166.0,196.63208442,207.0,198.15577347,166.0,211.07509483,19.3267763384,19.9073645807,0.0,23.6770721512,0.552590794692,4.51674667898,0.0,7.68458877162,4.46380363558,39.1025269652,0,67.1481127136,1.73760545552,35.9937365488,0,64.669875161
212,138.627487691,127.882201314,0.0,120.214690014,0.358465861507,0.330680474911,0.0,0.310853663581,199.319015636,188.90015178,167.0,197.63208442,208.0,199.15577347,167.0,212.07509483,19.3754483892,19.9325624202,0.0,23.738209619,0.448694921978,4.51682413798,0.0,7.67421751261,3.64442791856,39.2012304158,0,67.1405717833,1.21005474919,36.0964926462,0,64.6694468891
213,137.483513304,126.415584987,0.0,120.190272674,0.357946675167,0.329130651728,0.0,0.312922673105,200.319015636,189.90015178,168.0,198.63208442,209.0,200.15577347,168.0,213.07509483,19.4239125103,19.9575300249,0.0,23.7990148027,0.344625083857,4.5168972828,0.0,7.66382064575,2.81669414231,39.2993601402,0,67.1318332044,0.74629411228,36.1986397081,0,64.6675875403
214,136.352968774,124.960639188,0.0,120.165773567,0.357432079888,0.32756852726,0.0,0.314999392852,201.319015636,190.90015178,169.0,199.63208442,210.0,201.15577347,169.0,214.07509483,19.4721701992,19.9822703747,0.0,23.8594902035,0.240382763143,4.51696634877,0.0,7.65339859863,1.979711605,39.3969220037,0,67.1219127784,0.37081803427,36.3001840526,0,64.6643170275
215,135.235657371,123.517496225,0.0,120.141192884,0.356921813765,0.325994561207,0.0,0.317083625027,202.319015636,191.90015178,170.0,200.63208442,211.0,202.15577347,170.0,215.07509483,19.5202229378,20.0067864008,0.0,23.9196383001,0.135969547133,4.51703155871,0.0,7.64295178186,1.13172679835,39.4939217488,0,67.1108259741,0.1140834773,36.4011318695,0,64.6596550256
216,134.131385665,122.086279212,0.0,120.116530816,0.356415619947,0.324409210243,0.0,0.319175169811,203.319015636,192.90015178,171.0,201.63208442,212.0,203.15577347,171.0,216.07509483,19.5680721927,20.0310809861,0.0,23.9794615495,0.0313871748982,4.51709312355,0.0,7.63248058984,0.26743578517,39.5903649992,0,67.0985879373,0.00445743244081,36.5014892241,0,64.6536209702
217,133.039963469,120.667102234,0.0,120.091787551,0.355913246686,0.322812927818,0.0,0.321273825496,204.319015636,193.90015178,172.0,202.63208442,213.0,204.15577347,172.0,217.07509483,19.6157194157,20.0551569665,0.0,24.0389623865,0.0,4.51715124299,0.0,7.62198540151,0.0,39.6862572646,0,67.0852134997,0.0,36.6012620617,0,64.6462340563
218,131.961203784,119.260070527,0.0,120.066963279,0.355414447386,0.321206163979,0.0,0.323379388635,205.319015636,194.90015178,173.0,203.63208442,214.0,205.15577347,173.0,218.07509483,19.6631660437,20.0790171314,0.0,24.0981432243,0.0,4.51720610603,0.0,7.61146658106,0.0,39.7816039441,0,67.0707171879,0.0,36.7004562111,0,64.6375132365
219,130.894922737,117.865280656,0.0,120.04205819,0.354918980636,0.319589365179,0.0,0.325491654184,206.319015636,195.90015178,174.0,204.63208442,215.0,206.15577347,174.0,219.07509483,19.7104134991,20.1026642251,0.0,24.1570064546,0.0,4.51725789155,0.0,7.60092447857,0.0,39.87641033,0,67.0551132323,0.0,36.7990773891,0,64.6274772203
220,129.840939533,116.482820707,0.0,120.01707247,0.354426610249,0.31796297411,0.0,0.327610415641,207.319015636,196.90015178,175.0,205.63208442,216.0,207.15577347,175.0,220.07509483,19.7574631897,20.1261009474,0.0,24.2155544479,0.0,4.51730676883,0.0,7.59035943069,0.0,39.9706816119,0,67.0384155751,0.0,36.8971312036,0,64.6161444724
221,128.799076393,115.112770472,0.0,119.992006311,0.35393710528,0.316327429532,0.0,0.329735465188,208.319015636,197.90015178,176.0,206.63208442,217.0,208.15577347,176.0,221.07509483,19.8043165091,20.1493299546,0.0,24.2737895534,0.0,4.51735289807,0.0,7.57977176125,0.0,40.06442288,0,67.0206378786,0.0,36.9946231577,0,64.6035332122
222,127.769158506,113.755201648,0.0,119.966859898,0.353450240057,0.314683166114,0.0,0.331866593829,209.319015636,198.90015178,177.0,207.63208442,218.0,209.15577347,177.0,222.07509483,19.850974837,20.1723538601,0.0,24.3317140994,0.0,4.51739643083,0.0,7.5691617818,0.0,40.1576391281,0,67.0017935325,0.0,37.0915586527,0,64.5896614127
223,126.751013971,112.41017803,0.0,119.94163342,0.35296579419,0.313030614278,0.0,0.334003591532,210.319015636,199.90015178,178.0,208.63208442,219.0,210.15577347,178.0,223.07509483,19.8974395393,20.1951752354,0.0,24.3893303936,0.0,4.5174375105,0.0,7.55852979222,0.0,40.2503352575,0,66.981895662,0.0,37.1879429914,0,64.5745468001
224,125.744473749,111.077755713,0.0,119.916327064,0.352483552587,0.311370200055,0.0,0.336146247358,211.319015636,200.90015178,179.0,209.63208442,220.0,211.15577347,179.0,224.07509483,19.9437119679,20.2177966111,0.0,24.4466407229,0.0,4.51747627275,0.0,7.54787608124,0.0,40.3425160796,0,66.9609571348,0.0,37.2837813814,0,64.5582068529
225,124.749371612,109.757983291,0.0,119.890941019,0.352003305455,0.309702344944,0.0,0.338294349601,212.319015636,201.90015178,180.0,210.63208442,221.0,212.15577347,180.0,225.07509483,19.9897934615,20.2402204772,0.0,24.5036473541,0.0,4.51751284589,0.0,7.53720092691,0.0,40.4341863189,0,66.9389905682,0.0,37.3790789383,0,64.5406588021
226,123.76554409,108.450902064,0.0,119.865475469,0.351524848306,0.308027465778,0.0,0.340447685916,213.319015636,202.90015178,181.0,211.63208442,222.0,213.15577347,181.0,226.07509483,20.0356853455,20.2624492843,0.0,24.5603525336,0.0,4.51754735129,0.0,7.52650459713,0.0,40.5253506163,0,66.9160083355,0.0,37.4738406881,0,64.5219196308
227,122.792830423,107.156546237,0.0,119.839930603,0.351047981951,0.306345974597,0.0,0.342606043452,214.319015636,203.90015178,182.0,212.63208442,223.0,214.15577347,182.0,227.07509483,20.081388932,20.2844854442,0.0,24.6167584879,0.0,4.51757990374,0.0,7.51578735011,0.0,40.6160135313,0,66.8920225733,0.0,37.5680715703,0,64.502006074
228,121.831072513,105.87494313,0.0,119.814306607,0.350572512491,0.304658278527,0.0,0.344769208982,215.319015636,204.90015178,183.0,213.63208442,224.0,215.15577347,183.0,228.07509483,20.1269055202,20.3063313307,0.0,24.6728674237,0.0,4.51761061177,0.0,7.50504943474,0.0,40.7061795448,0,66.8670451871,0.0,37.6617764408,0,64.4809346193
229,120.880114875,104.606113379,0.0,119.788603666,0.350098251306,0.302964779672,0.0,0.346936969023,216.319015636,205.90015178,184.0,214.63208442,225.0,216.15577347,184.0,229.07509483,20.1722363966,20.3279892801,0.0,24.7286815281,0.0,4.51763957805,0.0,7.49429109113,0.0,40.7958530618,0,66.8410878581,0.0,37.754960074,0,64.4587215071
230,119.939804594,103.350071145,0.0,119.762821967,0.349625015037,0.301265874999,0.0,0.349109109965,217.319015636,206.90015178,185.0,215.63208442,226.0,217.15577347,185.0,230.07509483,20.2173828349,20.3494615921,0.0,24.7842029686,0.0,4.51766689962,0.0,7.48351255088,0.0,40.8850384136,0,66.8141620485,0.0,37.8476271655,0,64.4353827309
231,119.009991272,102.106824316,0.0,119.736961695,0.349152625565,0.299561956245,0.0,0.35128541819,218.319015636,207.90015178,186.0,216.63208442,227.0,218.15577347,186.0,231.07509483,20.2623460964,20.3707505305,0.0,24.8394338936,0.0,4.51769266824,0.0,7.47271403758,0.0,40.9737398602,0,66.7862790077,0.0,37.9397823346,0,64.4109340384
232,118.090526991,100.876374714,0.0,119.711023035,0.348680909988,0.297853409818,0.0,0.353465680194,219.319015636,208.90015178,187.0,217.63208442,228.0,219.15577347,187.0,232.07509483,20.3071274301,20.3918583239,0.0,24.8943764323,0.0,4.51771697065,0.0,7.46189576707,0.0,41.0619615925,0,66.7574497777,0.0,38.0314301263,0,64.3853909322
233,117.181266263,99.6587182934,0.0,119.685006172,0.34820970059,0.296140616712,0.0,0.355649682697,220.319015636,209.90015178,188.0,218.63208442,229.0,220.15577347,188.0,233.07509483,20.3517280729,20.4127871662,0.0,24.9490326951,0.0,4.51773988885,0.0,7.45105794786,0.0,41.1497077345,0,66.7276851986,0.0,38.1225750137,0,64.3587686711
234,116.282065986,98.4538453482,0.0,119.658911291,0.347738834809,0.294423952426,0.0,0.357837212765,221.319015636,210.90015178,189.0,219.63208442,230.0,221.15577347,189.0,234.07509483,20.3961492497,20.4335392173,0.0,25.0034047736,0.0,4.51776150034,0.0,7.44020078144,0.0,41.2369823452,0,66.6969959134,0.0,38.2132214001,0,64.331082271
235,115.392785406,97.2617407093,0.0,119.632738577,0.3472681552,0.292703786885,0.0,0.360028057915,222.319015636,211.90015178,190.0,220.63208442,231.0,222.15577347,190.0,235.07509483,20.4403921733,20.4541166038,0.0,25.0574947408,0.0,4.51778187837,0.0,7.42932446258,0.0,41.3237894207,0,66.6653923737,0.0,38.3033736208,0,64.3023465064
236,114.513286072,96.0823839432,0.0,119.606488214,0.346797509399,0.290980484375,0.0,0.362222006226,223.319015636,212.90015178,191.0,221.63208442,232.0,223.15577347,191.0,236.07509483,20.4844580452,20.4745214197,0.0,25.1113046514,0.0,4.51780109217,0.0,7.41842917964,0.0,41.410132896,0,66.6328848437,0.0,38.3930359454,0,64.2725759122
237,113.643431793,94.915749549,0.0,119.580160385,0.346326750078,0.289254403478,0.0,0.364418846444,224.319015636,213.90015178,192.0,222.63208442,233.0,224.15577347,192.0,237.07509483,20.528348055,20.4947557268,0.0,25.1648365419,0.0,4.51781920714,0.0,7.40751511485,0.0,41.4960166468,0,66.5994834059,0.0,38.4822125793,0,64.241784785
238,112.783088601,93.7618071519,0.0,119.553755275,0.3458557349,0.287525897014,0.0,0.366618368085,225.319015636,214.90015178,193.0,223.63208442,234.0,225.15577347,193.0,238.07509483,20.5720633812,20.5148215553,0.0,25.2180924306,0.0,4.51783628511,0.0,7.39658244462,0.0,41.5814444913,0,66.5651979649,0.0,38.5709076657,0,64.2099871851
239,111.932124709,92.6205216949,0.0,119.527273066,0.345384326472,0.285795311991,0.0,0.368820361538,226.319015636,215.90015178,194.0,224.63208442,235.0,226.15577347,194.0,239.07509483,20.6156051908,20.5347209047,0.0,25.2710743183,0.0,4.51785238448,0.0,7.38563133975,0.0,41.6664201917,0,66.530038252,0.0,38.6591252873,0,64.1771969384
240,111.090410472,91.4918536277,0.0,119.500713942,0.344912392289,0.284062989556,0.0,0.371024618155,227.319015636,216.90015178,195.0,225.63208442,236.0,227.15577347,195.0,240.07509483,20.6589746399,20.5544557438,0.0,25.3237841876,0.0,4.51786756041,0.0,7.37466196569,0.0,41.7509474562,0,66.4940138296,0.0,38.7468694679,0,64.1434276386
241,110.25781835,90.3757590927,0.0,119.474078087,0.34443980469,0.282329264957,0.0,0.373230930354,228.319015636,217.90015178,196.0,226.63208442,237.0,228.15577347,196.0,241.07509483,20.7021728733,20.5740280118,0.0,25.376224004,0.0,4.51788186503,0.0,7.3636744828,0.0,41.8350299398,0,66.4571340955,0.0,38.8341441739,0,64.108692649
242,109.434222869,89.2721901081,0.0,119.447365682,0.34396644079,0.280594467507,0.0,0.375439091703,229.319015636,218.90015178,197.0,227.63208442,238.0,229.15577347,197.0,242.07509483,20.7452010253,20.5934396187,0.0,25.4283957155,0.0,4.51789534758,0.0,7.35266904657,0.0,41.9186712466,0,66.4194082865,0.0,38.9209533161,0,64.0730051052
243,108.619500584,88.1810947473,0.0,119.42057691,0.343492182432,0.278858920553,0.0,0.377648897015,230.319015636,219.90015178,198.0,228.63208442,239.0,230.15577347,198.0,243.07509483,20.7880602194,20.6126924456,0.0,25.4803012527,0.0,4.51790805455,0.0,7.3416458078,0.0,42.0018749305,0,66.3808454825,0.0,39.007300751,0,64.0363779174
244,107.813530044,87.1024173163,0.0,119.393711953,0.343016916119,0.277122941453,0.0,0.379860142427,231.319015636,220.90015178,199.0,229.63208442,240.0,231.15577347,199.0,244.07509483,20.8307515683,20.6317883454,0.0,25.5319425296,0.0,4.51792002988,0.0,7.33060491285,0.0,42.084644497,0,66.3414546102,0.0,39.0931902822,0,63.9988237725
245,107.016191755,86.0360985261,0.0,119.366770994,0.342540532957,0.275386841555,0.0,0.382072625489,232.319015636,221.90015178,200.0,230.63208442,241.0,232.15577347,200.0,245.07509483,20.8732761745,20.6507291435,0.0,25.583321443,0.0,4.51793131504,0.0,7.31954650382,0.0,42.1669834044,0,66.301244447,0.0,39.1786256616,0,63.9603551372
246,106.227368146,84.982075663,0.0,119.339754214,0.342062928586,0.273650926179,0.0,0.384286145236,233.319015636,222.90015178,201.0,231.63208442,242.0,233.15577347,201.0,246.07509483,20.9156351302,20.6695166378,0.0,25.634439873,0.0,4.51794194919,0.0,7.30847071872,0.0,42.2488950648,0,66.2602236241,0.0,39.2636105911,0,63.9209842605
247,105.446943532,83.9402827544,0.0,119.312661795,0.341584003116,0.271915494613,0.0,0.386500502272,234.319015636,223.90015178,202.0,232.63208442,243.0,234.15577347,202.0,247.07509483,20.9578295172,20.6881525997,0.0,25.6852996833,0.0,4.51795196934,0.0,7.29737769166,0.0,42.3303828458,0,66.2184006304,0.0,39.3481487234,0,63.8807231761
248,104.674804087,82.9106507318,0.0,119.285493917,0.34110366106,0.270180840101,0.0,0.388715498839,235.319015636,224.90015178,203.0,233.63208442,244.0,235.15577347,203.0,248.07509483,20.9998604074,20.7066387742,0.0,25.7359027211,0.0,4.51796141039,0.0,7.28626755302,0.0,42.411450071,0,66.1757838153,0.0,39.4322436638,0,63.8395837055
249,,,,,,,,,,,,,,,,,,,,,,4.51797030532,0.0,7.27514042961,0.0,0.0,0,0.0,0.0,0.0,0,0.0
